ID_label,State/Country,Lat,Long,Time of study,Air temp (oC),Prec. (mm/yr),Climate Zone,Q,HLR (m/yr),Water regime,TN in (mg/l),TP in (mg/l),ID_label2,Wetland type,Inflow type,Area (m2),HRT_est,Age (yr),Wetland history,Vegetation type,ID_label3,TN loading rate (g/m2/yr),std,TN removal rate (g/m2/yr),std4,TN removal efficieny (%),std5,n,TP loading rate (g/m2/yr),std6,TP removal rate (g/m2/yr),std7,TP removal efficieny (%),std8,n9,K_TN,K_TN_HRT
Rushton et al. (2001) Stormwater detention ponds,"Florida, USA",27.686,-82.5,1997-1998,22.475,1244,Cfa,,0.000160701,"Intermittent, variable",1.3615,1.3995,Rushton et al. (2001) Stormwater detention ponds,Free Water Surface,Agricultural runoff,57000,23.17714688,#N/A,"Created, formerly other land use",Unspecified,Rushton et al. (2001) Stormwater detention ponds,#N/A,#N/A,#N/A,#N/A,46.47769828,9.067794231,2,#N/A,#N/A,#N/A,#N/A,75.04774594,8.236232769,2,0.007469013,2.005324405
Clausen et al. (2000) Muddy Brook Riparian Buffer,"Connecticut, USA",41.924,-72.483,1995-1996,9.175,1157,Dfb,,0.000848734,Precipitation-driven,3.17,#N/A,Clausen et al. (2000) Muddy Brook Riparian Buffer,Riparian,Agricultural runoff,625,7.5,1,"Restored, formerly drained cropland",Trees,Clausen et al. (2000) Muddy Brook Riparian Buffer,106.7927198,3.687251048,47.71991758,4.695072471,44.78721102,5.942810888,2,#N/A,#N/A,#N/A,#N/A,#N/A,#N/A,#N/A,0.038012429,#N/A
Ardon et al. (2010) Timberlake,"North Carolina, USA",35.906,-76.157,2007-2009,16.13333333,1282,Cfa,,0.002455125,Precipitation-driven,#N/A,0.0725,Ardon et al. (2010) Timberlake,Free Water Surface,Agricultural runoff,4400000,68.69963476,0,"Restored, formerly cropland",Trees,Ardon et al. (2010) Timberlake,#N/A,#N/A,#N/A,#N/A,#N/A,#N/A,#N/A,0.026636364,0.00764961,-0.003534091,0.01611882,-4.7753884,59.14291504,2,#N/A,-0.069511118
Dolan et al. (1981) Plot C,"Florida, USA",28.560987,-81.779527,1977-1978,21.82916667,1261,Cfa,,0.005409993,"Intermittent, constant",#N/A,8.883333333,Dolan et al. (1981) Plot C,Free Water Surface,Sec. Domestic Wastewater,2000,10.03110457,0,"Restored, formerly other land use",Emergent,Dolan et al. (1981) Plot C,#N/A,#N/A,#N/A,#N/A,#N/A,#N/A,#N/A,0.481597222,#N/A,0.253472222,#N/A,52.63157895,#N/A,1,#N/A,5.246837829
Kieckbusch & Schrautzer (2007) East polder,Germany,54.24,10.233,2000-2004,8.029166667,740,Cfb,,0.005886877,Precipitation-driven,#N/A,#N/A,Kieckbusch & Schrautzer (2007) East polder,Free Water Surface,River/Lake water,220000,32.48605156,#N/A,"Restored, formerly drained cropland",Filamentous algae,Kieckbusch & Schrautzer (2007) East polder,51.1,38.67802994,4.6,7.856207737,8.666666667,11.93035345,3,2.466666667,2.478574859,-1.166666667,0.986576572,-61,38.31448812,3,0.051019601,-1.877728966
Martin et al. (2001) Boot WTS,"Florida, USA",28.105,-81.5038,1991-1998,22.35833333,1211,Cfa,,0.006108316,"continuous, variable",9.835,2.34,Martin et al. (2001) Boot WTS,Free Water Surface,Sec. Domestic Wastewater,465000,39.17008349,6,"Restored, formerly other land use",Mixed,Martin et al. (2001) Boot WTS,10.52375,3.070430112,9.46875,3.101642134,88.375,7.614600637,8,1.72,0.610479905,0.70375,0.705689885,32.125,35.23568605,8,0.539822427,0.820141218
Cook (2001) Goldsboro,"North Carolina, USA",35.3822,-78.0467,2000-2001,16.01666667,1226,Cfa,23.764545,0.00678987,"continuous, variable",115.1860337,52.68539326,Cook (2001) Goldsboro,Free Water Surface,Agricultural runoff,3500,11.53740851,<1,Not specified,Emergent,Cook (2001) Goldsboro,139.782967,#N/A,120.9026688,#N/A,86.49313384,#N/A,1,64.74882261,#N/A,25.78492936,#N/A,39.82300885,#N/A,1,0.587277135,3.451642439
Hoffmann et al. (2012) Egeskov,Denmark,55.15,10.5,2007-2009,7.9125,632,Cfb,,0.00776974,Precipitation-driven,5.145,0.0365,Hoffmann et al. (2012) Egeskov,Riparian,Agricultural runoff,6200,13.31034099,5,"Restored, formerly drained cropland",Emergent,Hoffmann et al. (2012) Egeskov,15.91147541,17.26963414,7.433469945,6.552716038,59,22.627417,2,0.093325137,0.048543074,-0.003510929,0.016248,-9.5,21.92031022,2,0.45841466,-0.713730776
Vellidis et al. (2003) Dairy Wetland,"Georgia, USA",31.49,-83.53,1992-1999,18.65,1205,Cfa,,0.007912389,Precipitation-driven,8.63,1.48,Vellidis et al. (2003) Dairy Wetland,Riparian,Agricultural runoff,10000,15,1,"Restored, formerly drained cropland",Trees,Vellidis et al. (2003) Dairy Wetland,13.91,#N/A,9.53,#N/A,68.51186197,#N/A,1,2.08,#N/A,1.54,#N/A,74.03846154,#N/A,1,0.542092503,4.935897436
Knight et al. (1985) Lake Coral,"Florida, USA",29.13,-82.09,1983-1984,20.8375,1328,Cfa,,0.010088328,"continuous, variable",19.97,6.17,Knight et al. (1985) Lake Coral,Free Water Surface,Sec. Domestic Wastewater,210000,32.11042714,5,"Created, formerly other land use",Emergent,Knight et al. (1985) Lake Coral,52.38095238,#N/A,48,#N/A,93,#N/A,1,16.66666667,#N/A,6,#N/A,31,#N/A,1,0.938214504,0.965418487
Newbold et al. (2010) Riparian Forest Buffer System,"Pennsylvania, USA",39.9454,-75.6527,1997-2006,11.51666667,1138,Cfa,73.9493496,0.010270743,"continuous, variable",#N/A,#N/A,Newbold et al. (2010) Riparian Forest Buffer System,Riparian,Agricultural+urban runoff,7200,13.81733805,6,"Restored, formerly other land use",Mixed,Newbold et al. (2010) Riparian Forest Buffer System,34.29166667,#N/A,9.152777778,#N/A,26.690968,#N/A,1,#N/A,#N/A,#N/A,#N/A,#N/A,#N/A,#N/A,0.274136073,#N/A
Abtew et al. (2008) STA-1E,"Florida, USA",26.654,-80.335,2005-2006,23.14583333,1457,Aw,,0.010792608,Precipitation-driven,#N/A,188,Abtew et al. (2008) STA-1E,Free Water Surface,Agricultural runoff,16290000,95.29531065,1,"Created, formerly cropland",Mixed,Abtew et al. (2008) STA-1E,#N/A,#N/A,#N/A,#N/A,#N/A,#N/A,#N/A,0.744827609,#N/A,0.31,#N/A,40,#N/A,1,#N/A,0.419747832
Black & Wise (2003) Orlando Easterly Wetland,"Florida, USA",28.572622,-80.992686,1992-1999,21.90833333,1330,Cfa,,0.011131302,"continuous, variable",#N/A,0.200836996,Black & Wise (2003) Orlando Easterly Wetland,Free Water Surface,Tert. Domestic Wastewater,4900000,70.57327621,10,Constructed,Unspecified,Black & Wise (2003) Orlando Easterly Wetland,#N/A,#N/A,#N/A,#N/A,#N/A,#N/A,#N/A,0.929342534,0.394423721,0.269298084,0.149192144,28.87913279,8.730113571,8,#N/A,0.409207767
Gu & Dreschel (2008) South Test Cell PSTA,"Florida, USA",26.6242,-80.426,2002-2004,23.09166667,1440,Aw,,0.01222496,Constant,#N/A,41.37719383,Gu & Dreschel (2008) South Test Cell PSTA,Free Water Surface,Agricultural runoff,6000,13.20167605,#N/A,"Created, formerly cropland",Mixed,Gu & Dreschel (2008) South Test Cell PSTA,#N/A,#N/A,#N/A,#N/A,#N/A,#N/A,#N/A,0.554454397,0.127608446,0.321917372,0.109390918,57.307607,6.540045715,2,#N/A,4.340934195
Jordan et al. (2003) Barnstable 1,"Maryland, USA",38.933,-76.336,1995-1997,13.35833333,1083,Cfa,,0.01268959,Precipitation-driven,2.632879592,0.638717585,Jordan et al. (2003) Barnstable 1,Free Water Surface,Agricultural runoff,13000,16.01684959,9,"Restored, formerly drained cropland",Emergent,Jordan et al. (2003) Barnstable 1,12.46867168,0.886098723,1.7,3.959797975,14.8,32.80975465,2,2.798151002,0.357366755,0.76,1.470782105,24,49.49747468,2,0.187805932,1.498422013
Kovacic et al. (2006) Wetland 1,"Illinois, USA",40.629278,-88.919991,1998-1999,10.5375,930,Dfa,,0.013895016,Precipitation-driven,8.703828106,0.30727834,Kovacic et al. (2006) Wetland 1,Free Water Surface,Agricultural runoff,1600,9.486832981,1,"Created, formerly other land use",Emergent,Kovacic et al. (2006) Wetland 1,45.75,#N/A,10.3125,#N/A,23,#N/A,1,1.75,#N/A,1.375,#N/A,79,#N/A,1,0.319585368,8.327331172
Mitsch et al. (1995) Des Plaines River Wetland 4,"Illinois, USA",42.42592,-87.9362,1990,8.375,875,Dfa,326.4788592,0.013952088,"continuous, variable",#N/A,111,Mitsch et al. (1995) Des Plaines River Wetland 4,Free Water Surface,River/Lake water,23400,18.55219171,1,Constructed,Emergent,Mitsch et al. (1995) Des Plaines River Wetland 4,#N/A,#N/A,#N/A,#N/A,#N/A,#N/A,#N/A,0.546,#N/A,0.442,#N/A,80.95238095,#N/A,1,#N/A,4.363494202
Hoffmann et al. (2012) Stor Å,Denmark,55.483345,9.983333,1996-1998,7.891666667,659,Cfb,,0.014059052,Precipitation-driven,12.795,0.0195,Hoffmann et al. (2012) Stor Å,Riparian,Agricultural runoff,5870,13.12957851,5,"Restored, formerly drained cropland",Emergent,Hoffmann et al. (2012) Stor Å,67.43475275,6.594159255,19.35302198,5.105155552,29,4.242640687,2,0.109800824,0.054596802,-0.061668956,0.040415815,-74.5,74.24621202,2,0.407712508,-5.674211092
Dolan et al. (1981) Plot H,"Florida, USA",28.560988,-81.779528,1977-1978,21.82916667,1261,Cfa,,0.014521561,"Intermittent, constant",#N/A,8.883333333,Dolan et al. (1981) Plot H,Free Water Surface,Sec. Domestic Wastewater,2000,10.03110457,0,"Restored, formerly other land use",Emergent,Dolan et al. (1981) Plot H,#N/A,#N/A,#N/A,#N/A,#N/A,#N/A,#N/A,48.19774306,#N/A,47.00642361,#N/A,97.52826716,#N/A,1,#N/A,9.722585029
Barten (1983) Clear Lake treatment marsh,"Minnesota, USA",44.091128,-93.497531,1981-1982,6.558333333,791,Dfa,,0.015669149,Precipitation-driven,#N/A,0.6755,Barten (1983) Clear Lake treatment marsh,Vertical Subsurface Down,Urban storm water/runoff,214000,32.26225373,2,Constructed,Emergent,Barten (1983) Clear Lake treatment marsh,#N/A,#N/A,#N/A,#N/A,#N/A,#N/A,#N/A,4.16421254,#N/A,2.637600134,#N/A,63.33970969,#N/A,1,#N/A,1.963276038
Gumiero et al. (2011) Riparian,Italy,45.573,12.313,2000-2002,13.0375,889,Cfb,112.73913,0.01610559,"Intermittent, variable",#N/A,#N/A,Gumiero et al. (2011) Riparian,Horizontal Subsurface Flow,River/Lake water,7000,13.72036829,<1,Not specified,Emergent,Gumiero et al. (2011) Riparian,12.29666667,1.071883078,6.006666667,2.499926666,50.21197829,23.51955466,3,#N/A,#N/A,#N/A,#N/A,#N/A,#N/A,#N/A,0.808693535,#N/A
Kovacic et al. (2000) Wetland B,"Illinois, USA",39.9129,-88.1932,1995-1997,11.24166667,983,Dfa,,0.016579208,Precipitation-driven,10.4,8.82,Kovacic et al. (2000) Wetland B,Free Water Surface,Agricultural runoff,3000,11.10124207,0,Constructed,Emergent,Kovacic et al. (2000) Wetland B,55.22222222,22.30180195,24.22222222,11.50040257,43,6.244997998,3,0.666666667,0.152752523,0.177777778,0.254587539,35,46.57252409,3,0.712905944,3.152800361
Chen et al. (2014) STA-1E,"Florida, USA",26.654,-80.335,2006-2011,23.14583333,1457,Aw,,0.017188227,Precipitation-driven,#N/A,0.181,Chen et al. (2014) STA-1E,Free Water Surface,Agricultural runoff,20830000,101.3359578,2,"Created, formerly cropland",Unspecified,Chen et al. (2014) STA-1E,#N/A,#N/A,#N/A,#N/A,#N/A,#N/A,#N/A,1.293594494,#N/A,0.85,#N/A,68.80051847,#N/A,1,#N/A,0.678934901
Johannesson et al. (2011) S. Stene,Sweden,58.9944,17.3766,2004-2008,6.770833333,531,Cfb,3837.78234,0.018275154,"continuous, variable",#N/A,#N/A,Johannesson et al. (2011) S. Stene,Free Water Surface,Agricultural+urban runoff,210000,32.11042714,0,"Restored, formerly drained cropland",Unspecified,Johannesson et al. (2011) S. Stene,#N/A,#N/A,#N/A,#N/A,#N/A,#N/A,#N/A,1.620755495,1.119373995,0.280625,0.230327061,17,3.559026084,4,#N/A,0.529423041
Gu & Dreschel (2008) North Test Cell Cattail,"Florida, USA",26.653,-80.4031,2002-2004,23.09166667,1443,Aw,,0.01833744,"Intermittent, constant",#N/A,73.85912698,Gu & Dreschel (2008) North Test Cell Cattail,Free Water Surface,Agricultural runoff,4000,11.92906093,#N/A,"Created, formerly cropland",Emergent,Gu & Dreschel (2008) North Test Cell Cattail,#N/A,#N/A,#N/A,#N/A,#N/A,#N/A,#N/A,0.989712302,0.126524412,0.651255952,0.19345263,65.08499412,11.22591119,2,#N/A,5.456003158
Gu & Dreschel (2008) North Test Cell SAV,"Florida, USA",26.653,-80.4031,2002-2004,23.09166667,1443,Aw,,0.01833744,Constant,#N/A,73.85912698,Gu & Dreschel (2008) North Test Cell SAV,Free Water Surface,Agricultural runoff,4000,11.92906093,#N/A,"Created, formerly cropland",Submerged,Gu & Dreschel (2008) North Test Cell SAV,#N/A,#N/A,#N/A,#N/A,#N/A,#N/A,#N/A,0.989712302,0.126524412,0.602468254,0.168448549,60.27771557,9.314072717,2,#N/A,5.053014308
Gu & Dreschel (2008) South Test Cell Cattail,"Florida, USA",26.6242,-80.426,2002-2004,23.09166667,1440,Aw,,0.01833744,Constant,#N/A,41.37719383,Gu & Dreschel (2008) South Test Cell Cattail,Free Water Surface,Agricultural runoff,4000,11.92906093,#N/A,"Created, formerly cropland",Emergent,Gu & Dreschel (2008) South Test Cell Cattail,#N/A,#N/A,#N/A,#N/A,#N/A,#N/A,#N/A,0.554454397,0.127608446,0.248705976,0.110511858,43.72026036,9.869362201,2,#N/A,3.665021129
Gu & Dreschel (2008) South Test Cell SAV,"Florida, USA",26.6242,-80.426,2002-2004,23.09166667,1440,Aw,,0.01833744,Constant,#N/A,41.37719383,Gu & Dreschel (2008) South Test Cell SAV,Free Water Surface,Agricultural runoff,4000,11.92906093,#N/A,"Created, formerly cropland",Submerged,Gu & Dreschel (2008) South Test Cell SAV,#N/A,#N/A,#N/A,#N/A,#N/A,#N/A,#N/A,0.554454397,0.127608446,0.220337546,0.163090855,37.34365381,20.81996261,2,#N/A,3.130477246
Koskiaho et al. (2003) Hovi,Finland,60.4166667,24.3666667,1999-2000,4.720833333,624,Dfb,,0.018617385,Precipitation-driven,9.8,#N/A,Koskiaho et al. (2003) Hovi,Free Water Surface,Agricultural runoff,6000,13.20167605,1,"Created, formerly cropland",Emergent,Koskiaho et al. (2003) Hovi,77.77777778,#N/A,28,#N/A,36,#N/A,1,#N/A,#N/A,#N/A,#N/A,#N/A,#N/A,#N/A,0.67022586,#N/A
Flyckt (2010) Alhagen,Sweden,58.936059,17.959853,2003-2009,7.133333333,38,Cfb,5214.42852,0.018622959,"Continous, variable",22,0.3,Flyckt (2010) Alhagen,Free Water Surface,Sec. Domestic Wastewater,280000,34.50489951,5,"Created, formerly other land use",Mixed,Flyckt (2010) Alhagen,151.0044349,7.042257589,91.89493989,11.37747873,60.71428571,5.282495803,7,2.028233556,0.494561283,1.518092576,0.442930984,74.14285714,5.014265364,7,1.130679653,2.148763167
Kovacic et al. (2000) Wetland D,"Illinois, USA",39.9129,-88.1932,1995-1997,11.24166667,983,Dfa,,0.018799909,Precipitation-driven,8.7,1.763333333,Kovacic et al. (2000) Wetland D,Free Water Surface,Agricultural runoff,8000,14.18612414,0,Constructed,Emergent,Kovacic et al. (2000) Wetland D,88.58333333,32.3395881,27.70833333,11.43619073,31.33333333,3.785938897,3,1.15,0.476313972,-0.295833333,0.431083905,-18.06666667,34.41646893,3,0.589063815,-1.273544944
Borin & Tochetto (2007) L. Toniolo,Italy,45.35,11.966,1998-2002,13.4875,843,Cfa,60.6676736,0.018958648,"continuous, variable",2.315469286,#N/A,Borin & Tochetto (2007) L. Toniolo,Free Water Surface,Agricultural runoff,3200,11.28180928,1,Constructed,Emergent,Borin & Tochetto (2007) L. Toniolo,40.09208467,15.81265636,35.95084886,17.85096584,86.96621843,13.72755768,5,#N/A,#N/A,#N/A,#N/A,#N/A,#N/A,#N/A,1.648761923,#N/A
Flyckt (2010) Brannäs,Sweden,58.679329,17.109865,1994-2009,6.933333333,22,Cfb,4599.84935,0.019999345,"Continous, variable",24,0.5,Flyckt (2010) Brannäs,Free Water Surface,Sec. Domestic Wastewater,230000,32.84908055,1,"Created, formerly other land use",Mixed,Flyckt (2010) Brannäs,156.0613682,30.11995282,59.27099842,15.96990675,37.78571429,6.852047099,14,3.417218412,1.363831352,2.890224359,1.260391921,82.85714286,14.0704663,14,0.755689536,2.522358053
Koskiaho et al. (2009) Hovi,Finland,60.4166667,24.3666667,2007-2008,4.720833333,624,Dfb,,0.020807666,Precipitation-driven,#N/A,0.69,Koskiaho et al. (2009) Hovi,Free Water Surface,Agricultural runoff,6000,13.20167605,10,"Created, formerly cropland",Emergent,Koskiaho et al. (2009) Hovi,#N/A,#N/A,#N/A,#N/A,#N/A,#N/A,#N/A,5.293692826,2.01203711,3.45,1.48492424,64.5,3.535533906,2,#N/A,4.885743276
Kovacic et al. (2006) Wetland 2,"Illinois, USA",40.629278,-88.919991,1998-1999,10.5375,930,Dfa,,0.0218614,Precipitation-driven,12.78341705,0.132120432,Kovacic et al. (2006) Wetland 2,Free Water Surface,Agricultural runoff,4000,11.92906093,1,"Created, formerly other land use",Emergent,Kovacic et al. (2006) Wetland 2,101.875,#N/A,44.5,#N/A,44,#N/A,1,1.05,#N/A,0.425,#N/A,40,#N/A,1,0.9619016,3.353155812
Carleton et al. (2000) Crestwood,"North Virginia, USA",38.803571,-77.485332,1996-1997,12.89583333,988,Cfa,,0.022277689,Precipitation-driven,1.4,0.14,Carleton et al. (2000) Crestwood,Free Water Surface,Urban storm water/runoff,700,7.715530085,2,Constructed,Emergent,Carleton et al. (2000) Crestwood,#N/A,#N/A,#N/A,#N/A,21.7,#N/A,1,#N/A,#N/A,#N/A,#N/A,45.9,#N/A,1,0.483425851,5.949040376
Chen et al. (2014) STA-5,"Florida, USA",26.444,-80.90366,2001-2011,22.99583333,1330,Aw,,0.022684463,Precipitation-driven,#N/A,0.228,Chen et al. (2014) STA-5,Free Water Surface,Agricultural runoff,24680000,105.7249645,2,"Created, formerly cropland",Unspecified,Chen et al. (2014) STA-5,#N/A,#N/A,#N/A,#N/A,#N/A,#N/A,#N/A,1.869684717,#N/A,1.15,#N/A,63,#N/A,1,#N/A,0.595885752
Mitsch et al. (1995) Des Plaines River Wetland 6,"Illinois, USA",42.422597,-87.936775,1990,8.375,875,Dfa,790.7844015,0.022921287,"continuous, variable",#N/A,111,Mitsch et al. (1995) Des Plaines River Wetland 6,Free Water Surface,River/Lake water,34500,20.4430661,1,Constructed,Emergent,Mitsch et al. (1995) Des Plaines River Wetland 6,#N/A,#N/A,#N/A,#N/A,#N/A,#N/A,#N/A,0.7124,#N/A,0.7072,#N/A,99.27007299,#N/A,1,#N/A,4.855928779
Leonardson et al. (1994) Isgrannatorp,Sweden,56.0449,14.0783,1992,7.8125,618,Cfb,919.91788,0.022997947,"Intermittent, variable",5.4,#N/A,Leonardson et al. (1994) Isgrannatorp,Vertical Subsurface Down,River/Lake water,40000,21.21320344,2,"Restored, formerly other land use",Emergent,Leonardson et al. (1994) Isgrannatorp,27,#N/A,4.5,#N/A,16.66666667,#N/A,1,#N/A,#N/A,#N/A,#N/A,#N/A,#N/A,#N/A,0.383299117,#N/A
Moustafa et al. (1996) Boney Marsh,"Florida, USA",27.53783,-81.21332,1978-1986,22.44583333,1213,Cfa,,0.023445386,"continuous, variable",1.688,0.056,Moustafa et al. (1996) Boney Marsh,Free Water Surface,River/Lake water,490000,39.68626967,#N/A,"Created, formerly other land use",Unspecified,Moustafa et al. (1996) Boney Marsh,15.67428618,3.917855879,4.975361446,2.81862891,29.83643823,12.82910248,9,0.497900079,0.096507436,0.369308592,0.096661499,72.79290792,8.48430654,9,0.699526811,1.834208872
Kovacic et al. (2000) Wetland A,"Illinois, USA",39.9129,-88.1932,1995-1997,11.24166667,983,Dfa,,0.023819302,Precipitation-driven,14,10.61,Kovacic et al. (2000) Wetland A,Free Water Surface,Agricultural runoff,6000,13.20167605,0,Constructed,Emergent,Kovacic et al. (2000) Wetland A,112,43.00872005,45.16666667,24.11085509,39,11.26942767,3,1.666666667,0.775134397,0.388888889,0.399420877,20.66666667,12.89702808,3,0.928952778,1.565457794
Juston & DeBusk (2006) STA-1W east,"Florida, USA",26.6276,-80.4275,1997-2004,23.03333333,1429,Aw,,0.023983573,Precipitation-driven,#N/A,0.133,Juston & DeBusk (2006) STA-1W east,Free Water Surface,Agricultural runoff,10180000,84.72824358,4,"Created, formerly cropland",Emergent,Juston & DeBusk (2006) STA-1W east,#N/A,#N/A,#N/A,#N/A,#N/A,#N/A,#N/A,1.2,#N/A,0.78,#N/A,65,#N/A,1,#N/A,0.767158591
Juston & DeBusk (2006) STA-2 Cell 1,"Florida, USA",26.39728,-80.52426,2002-2005,23.25833333,1455,Aw,,0.023983573,Precipitation-driven,#N/A,0.074,Juston & DeBusk (2006) STA-2 Cell 1,Free Water Surface,Agricultural runoff,8050000,79.89879493,3,"Restored, formerly other land use",Emergent,Juston & DeBusk (2006) STA-2 Cell 1,#N/A,#N/A,#N/A,#N/A,#N/A,#N/A,#N/A,0.6,#N/A,0.522,#N/A,87,#N/A,1,#N/A,1.088877499
Juston & DeBusk (2006) STA-5 Cell 2,"Florida, USA",26.444,-80.90366,2002-2005,22.99583333,1330,Aw,,0.023983573,Precipitation-driven,#N/A,0.234,Juston & DeBusk (2006) STA-5 Cell 2,Free Water Surface,Agricultural runoff,8310000,80.53627063,3,"Created, formerly cropland",Emergent,Juston & DeBusk (2006) STA-5 Cell 2,#N/A,#N/A,#N/A,#N/A,#N/A,#N/A,#N/A,2.1,#N/A,1.155,#N/A,55,#N/A,1,#N/A,0.682922112
Hoagland et al. (2011) Wetland B,"Illinois, USA",39.9129,-88.1932,1997-1998,11.24166667,983,Dfa,,0.024049462,Precipitation-driven,8.276255708,0.116438356,Hoagland et al. (2011) Wetland B,Free Water Surface,Agricultural runoff,3000,11.10124207,3,Constructed,Emergent,Hoagland et al. (2011) Wetland B,72.69917582,#N/A,34.8956044,#N/A,47,#N/A,1,1.022802198,#N/A,0.290796703,#N/A,29,#N/A,1,1.130324714,2.612320299
Moustafa (2012) CWH,"Florida, USA",26.66,-80.4,2000-2001,23.09166667,1443,Aw,,0.025982204,constant,#N/A,86,Moustafa (2012) CWH,Free Water Surface,Agricultural runoff,5.9,2.337783354,0,Constructed,emergent,Moustafa (2012) CWH,#N/A,#N/A,#N/A,#N/A,#N/A,#N/A,#N/A,#N/A,#N/A,#N/A,#N/A,65,#N/A,1,#N/A,27.80411619
Moustafa (2012) CWL ,"Florida, USA",26.6,-80.44,2000-2001,23.09166667,1440,Aw,,0.025982204,constant,#N/A,23,Moustafa (2012) CWL ,Free Water Surface,Agricultural runoff,5.9,2.337783354,0,Constructed,emergent,Moustafa (2012) CWL ,#N/A,#N/A,#N/A,#N/A,#N/A,#N/A,#N/A,#N/A,#N/A,#N/A,#N/A,27,#N/A,1,#N/A,11.54940211
Moustafa (2012) CWOH,"Florida, USA",26.66,-80.4,2000-2001,23.09166667,1443,Aw,,0.025982204,constant,#N/A,86,Moustafa (2012) CWOH,Free Water Surface,Agricultural runoff,5.9,2.337783354,0,Constructed,Submerged,Moustafa (2012) CWOH,#N/A,#N/A,#N/A,#N/A,#N/A,#N/A,#N/A,#N/A,#N/A,#N/A,#N/A,61,#N/A,1,#N/A,26.09309365
Moustafa (2012) CWOL ,"Florida, USA",26.6,-80.44,2000-2001,23.09166667,1440,Aw,,0.025982204,constant,#N/A,23,Moustafa (2012) CWOL ,Free Water Surface,Agricultural runoff,5.9,2.337783354,0,Constructed,Submerged,Moustafa (2012) CWOL ,#N/A,#N/A,#N/A,#N/A,#N/A,#N/A,#N/A,#N/A,#N/A,#N/A,#N/A,44,#N/A,1,#N/A,18.82124788
Moustafa (2012) IWH ,"Florida, USA",26.66,-80.4,2000-2001,23.09166667,1443,Aw,,0.025982204,"Intermittent, constant",#N/A,86,Moustafa (2012) IWH ,Free Water Surface,Agricultural runoff,5.9,2.337783354,0,Constructed,emergent,Moustafa (2012) IWH ,#N/A,#N/A,#N/A,#N/A,#N/A,#N/A,#N/A,#N/A,#N/A,#N/A,#N/A,30,#N/A,1,#N/A,12.83266901
Moustafa (2012) IWL,"Florida, USA",26.6,-80.44,2000-2001,23.09166667,1440,Aw,,0.025982204,"Intermittent, constant",#N/A,23,Moustafa (2012) IWL,Free Water Surface,Agricultural runoff,5.9,2.337783354,0,Constructed,emergent,Moustafa (2012) IWL,#N/A,#N/A,#N/A,#N/A,#N/A,#N/A,#N/A,#N/A,#N/A,#N/A,#N/A,19,#N/A,1,#N/A,8.12735704
Moustafa (2012) IWOH,"Florida, USA",26.66,-80.4,2000-2001,23.09166667,1443,Aw,,0.025982204,"Intermittent, constant",#N/A,86,Moustafa (2012) IWOH,Free Water Surface,Agricultural runoff,5.9,2.337783354,0,Constructed,submerged,Moustafa (2012) IWOH,#N/A,#N/A,#N/A,#N/A,#N/A,#N/A,#N/A,#N/A,#N/A,#N/A,#N/A,46,#N/A,1,#N/A,19.67675915
Moustafa (2012) IWOL,"Florida, USA",26.6,-80.44,2000-2001,23.09166667,1440,Aw,,0.025982204,"Intermittent, constant",#N/A,23,Moustafa (2012) IWOL,Free Water Surface,Agricultural runoff,5.9,2.337783354,0,Constructed,submerged,Moustafa (2012) IWOL,#N/A,#N/A,#N/A,#N/A,#N/A,#N/A,#N/A,#N/A,#N/A,#N/A,#N/A,28,#N/A,1,#N/A,11.97715774
White (2006) Drawdown-EAV,"Florida, USA",26.597,-80.444,2000-2001,23.09166667,1440,Aw,,0.026082136,"Intermittent, constant",#N/A,0.024,White (2006) Drawdown-EAV,Free Water Surface,Agricultural runoff,5.9,2.337783354,0,Constructed,Emergent,White (2006) Drawdown-EAV,#N/A,#N/A,#N/A,#N/A,#N/A,#N/A,#N/A,0.13,0.002,0.04,0.003927187,30.76923077,#N/A,3,#N/A,13.16171181
White (2006) Drawdown-SAV,"Florida, USA",26.597,-80.444,2000-2001,23.09166667,1440,Aw,,0.026082136,"Intermittent, constant",#N/A,0.024,White (2006) Drawdown-SAV,Free Water Surface,Agricultural runoff,5.9,2.337783354,0,Constructed,Submerged,White (2006) Drawdown-SAV,#N/A,#N/A,#N/A,#N/A,#N/A,#N/A,#N/A,0.13,0.002,0.05,0.00253243,38.46153846,#N/A,3,#N/A,16.45213976
White (2006) Flooded-EAV,"Florida, USA",26.597,-80.444,2000-2001,23.09166667,1440,Aw,,0.026082136,Constant,#N/A,0.024,White (2006) Flooded-EAV,Free Water Surface,Agricultural runoff,5.9,2.337783354,0,Constructed,Emergent,White (2006) Flooded-EAV,#N/A,#N/A,#N/A,#N/A,#N/A,#N/A,#N/A,0.17,0.002,0.06,0.006076553,35.29411765,#N/A,3,#N/A,15.09725766
White (2006) Flooded-SAV,"Florida, USA",26.597,-80.444,2000-2001,23.09166667,1440,Aw,,0.026082136,Constant,#N/A,0.024,White (2006) Flooded-SAV,Free Water Surface,Agricultural runoff,5.9,2.337783354,0,Constructed,Submerged,White (2006) Flooded-SAV,#N/A,#N/A,#N/A,#N/A,#N/A,#N/A,#N/A,0.17,0.001,0.08,0.007525224,47.05882353,#N/A,3,#N/A,20.12967688
Han et al. (2010) SF,Netherlands,51.5409,5.8697,2 years,9.658333333,774,Cfb,1.695251264,0.026488301,"continuous, variable",30,#N/A,Han et al. (2010) SF,Free Water Surface,Agricultural runoff,64,4.242640687,0,Constructed,Emergent,Han et al. (2010) SF,293.5483871,48.42716417,172.9528536,42.11057754,58.53119827,4.689372746,2,#N/A,#N/A,#N/A,#N/A,#N/A,#N/A,#N/A,1.550391998,#N/A
White et al. (2004) continuous emergents,"Florida, USA",26.66,-80.4,52 weeks,23.09166667,1443,Aw,,0.026648414,Constant,#N/A,0.113,White et al. (2004) continuous emergents,Free Water Surface,Agricultural runoff,8,2.522689246,<1,Constructed,Emergent,White et al. (2004) continuous emergents,#N/A,#N/A,#N/A,#N/A,#N/A,#N/A,#N/A,0.785,0.008,0.643,0.00707622,81.91082803,#N/A,3,#N/A,32.4696465
White et al. (2004) continuous no emergents,"Florida, USA",26.66,-80.4,52 weeks,23.09166667,1443,Aw,,0.026648414,Constant,#N/A,0.113,White et al. (2004) continuous no emergents,Free Water Surface,Agricultural runoff,8,2.522689246,<1,Constructed,Submerged,White et al. (2004) continuous no emergents,#N/A,#N/A,#N/A,#N/A,#N/A,#N/A,#N/A,0.788,0.014,0.631,0.012279775,80.07614213,#N/A,3,#N/A,31.74237265
White et al. (2004) Intermittently emergents,"Florida, USA",26.66,-80.4,52 weeks,23.09166667,1443,Aw,,0.026648414,"Intermittent, constant",#N/A,0.113,White et al. (2004) Intermittently emergents,Free Water Surface,Agricultural runoff,8,2.522689246,<1,Constructed,Emergent,White et al. (2004) Intermittently emergents,#N/A,#N/A,#N/A,#N/A,#N/A,#N/A,#N/A,0.674,0.004,0.477,0.013113456,70.77151335,#N/A,3,#N/A,28.05399574
White et al. (2004) Intermittently no emergents,"Florida, USA",26.66,-80.4,52 weeks,23.09166667,1443,Aw,,0.026648414,"Intermittent, constant",#N/A,0.113,White et al. (2004) Intermittently no emergents,Free Water Surface,Agricultural runoff,8,2.522689246,<1,Constructed,Submerged,White et al. (2004) Intermittently no emergents,#N/A,#N/A,#N/A,#N/A,#N/A,#N/A,#N/A,0.678,0.001,0.457,0.035750488,67.40412979,#N/A,3,#N/A,26.71915691
Pomogyi (1993) Hidvégi Pond,Hungary,46.631,17.161,1986-1990,10.66666667,681,Cfb,,0.026800099,Precipitation-driven,#N/A,#N/A,Pomogyi (1993) Hidvégi Pond,Free Water Surface,River/Lake water,18000000,97.70333436,1,"Restored, formerly other land use",Submerged,Pomogyi (1993) Hidvégi Pond,45.29310134,20.28461934,9.232051282,5.686928638,19.29737295,4.625107431,5,4.855250305,1.282249614,2.427564103,0.241789666,51.63125329,7.875171987,5,0.517171505,0.528449245
Chen et al. (2014) STA-3/4,"Florida, USA",26.36627,-80.63874,2005-2011,23.20416667,1418,Aw,,0.027581109,Precipitation-driven,#N/A,0.115,Chen et al. (2014) STA-3/4,Free Water Surface,Agricultural runoff,67000000,135.7094092,2,Not specified,Unspecified,Chen et al. (2014) STA-3/4,#N/A,#N/A,#N/A,#N/A,#N/A,#N/A,#N/A,1.14647541,#N/A,0.97,#N/A,84,#N/A,1,#N/A,0.61896961
Abtew et al. (2008) STA-1W,"Florida, USA",26.642,-80.425,2005-2006,23.03333333,1429,Aw,,0.028480493,Precipitation-driven,#N/A,213,Abtew et al. (2008) STA-1W,Free Water Surface,Agricultural runoff,16930000,96.21781683,11,"Created, formerly cropland",Mixed,Abtew et al. (2008) STA-1W,#N/A,#N/A,#N/A,#N/A,#N/A,#N/A,#N/A,2.215165225,#N/A,1.21,#N/A,49,#N/A,1,#N/A,0.509261191
Chen et al. (2014) STA-1W,"Florida, USA",26.642,-80.425,1995-2011,23.03333333,1429,Aw,,0.030678987,Precipitation-driven,#N/A,0.172,Chen et al. (2014) STA-1W,Free Water Surface,Agricultural runoff,27010000,108.136524,3,"Created, formerly cropland",Unspecified,Chen et al. (2014) STA-1W,#N/A,#N/A,#N/A,#N/A,#N/A,#N/A,#N/A,1.902643774,#N/A,1.3,#N/A,73.13246157,#N/A,1,#N/A,0.676297507
Juston & DeBusk (2006) STA-6 Cell 5,"Florida, USA",26.34881,-80.88693,2001-2005,23.04166667,1352,Aw,,0.030978782,Precipitation-driven,#N/A,0.07,Juston & DeBusk (2006) STA-6 Cell 5,Free Water Surface,Agricultural runoff,2530000,59.82344095,4,"Restored, formerly other land use",Emergent,Juston & DeBusk (2006) STA-6 Cell 5,#N/A,#N/A,#N/A,#N/A,#N/A,#N/A,#N/A,0.8,#N/A,0.656,#N/A,82,#N/A,1,#N/A,1.370700159
Toet et al. (2005) Ditch 5,Netherlands,53.083,4.783,1997-1998,8.925,770,Cfb,29.46082168,0.030978782,Constant,5.585,1.245,Toet et al. (2005) Ditch 5,Free Water Surface,Tert. Domestic Wastewater,951,8.329834797,#N/A,"Created, formerly other land use",Mixed,Toet et al. (2005) Ditch 5,64.45846477,#N/A,42.58675079,#N/A,66.0685155,#N/A,1,14.30073607,#N/A,-0.315457413,#N/A,-2.205882353,#N/A,1,2.046722139,-0.264817059
Toet et al. (2005) Ditch 6,Netherlands,53.083,4.783,1997-1998,8.925,770,Cfb,30.39018514,0.030978782,Constant,5.585,1.245,Toet et al. (2005) Ditch 6,Free Water Surface,Tert. Domestic Wastewater,981,8.394764376,#N/A,"Created, formerly other land use",Mixed,Toet et al. (2005) Ditch 6,63.40468909,#N/A,36.49337411,#N/A,57.5562701,#N/A,1,14.06727829,#N/A,-0.917431193,#N/A,-6.52173913,#N/A,1,1.783023144,-0.776881737
Gu (2008) South Test Cell S15,"Florida, USA",26.6242,-80.426,2000-2001,23.09166667,1440,Aw,,0.031978097,"continuous, variable",#N/A,#N/A,Gu (2008) South Test Cell S15,Free Water Surface,Agricultural runoff,2000,10.03110457,2,Constructed,Submerged,Gu (2008) South Test Cell S15,#N/A,#N/A,#N/A,#N/A,#N/A,#N/A,#N/A,0.35,#N/A,0.1,#N/A,28,#N/A,1,#N/A,2.791317725
Flyckt (2010) Trosa,Sweden,58.914676,17.54169,2004-2009,6.9,#N/A,Cfb,2022.935166,0.032110082,"Intermittent, constant",23,0.36,Flyckt (2010) Trosa,Combined Horizontal,Sec. Domestic Wastewater,63000,23.76437497,1,"Created, formerly other land use",Emergent,Flyckt (2010) Trosa,273.1480616,35.38581032,93.95655036,13.39404788,35,7.155417528,6,4.331718699,0.937571001,2.937179487,1.124860719,68.5,20.01749235,6,1.12385287,2.882465879
Chen et al. (2014) STA-2,"Florida, USA",26.39728,-80.52426,2002-2011,23.25833333,1455,Aw,,0.032977413,Precipitation-driven,#N/A,0.104,Chen et al. (2014) STA-2,Free Water Surface,Agricultural runoff,33370000,114.0066831,3,Not specified,Unspecified,Chen et al. (2014) STA-2,#N/A,#N/A,#N/A,#N/A,#N/A,#N/A,#N/A,1.25778269,#N/A,0.96,#N/A,76,#N/A,1,#N/A,0.666627586
Abtew et al. (2004) STA-1W,"Florida, USA",26.642,-80.425,1999-2003,23.03333333,1429,Aw,,0.033776865,"continuous, variable",#N/A,141.25,Abtew et al. (2004) STA-1W,Free Water Surface,Agricultural runoff,27000000,108.1265136,5,"Created, formerly cropland",Mixed,Abtew et al. (2004) STA-1W,#N/A,#N/A,#N/A,#N/A,#N/A,#N/A,#N/A,1.883794427,1.620010587,1.343398209,1.020094685,74.76618705,7.532944397,4,#N/A,0.691469507
O'Luanaigh (2010) RB2,Ireland,53.413,-8.244,2006-2008,9.254166667,977,Cfb,0.136706364,0.034176591,"continuous, variable",92.8,#N/A,O'Luanaigh (2010) RB2,Horizontal Subsurface Flow,Tert. Domestic Wastewater,4,2.121320344,0,Constructed,Emergent,O'Luanaigh (2010) RB2,1423.5,#N/A,584,#N/A,41.02564103,#N/A,1,#N/A,#N/A,#N/A,#N/A,#N/A,#N/A,#N/A,1.402116554,#N/A
Behrends et al. (2007) ReCip 2,"Alabama, USA",34.771448,-87.650503,2003-2005,15.63333333,1378,Cfa,0.038473648,0.034976044,Constant,62.9526252,#N/A,Behrends et al. (2007) ReCip 2,Vertical Subsurface Up,Sec. Domestic Wastewater,1.1,1.536170534,0,Constructed,Emergent,Behrends et al. (2007) ReCip 2,#N/A,#N/A,#N/A,#N/A,46.68528509,9.250377209,2,#N/A,#N/A,#N/A,#N/A,#N/A,#N/A,#N/A,1.632866585,#N/A
Behrends et al. (2007) Subsurface flow,"Alabama, USA",34.771448,-87.650503,2003-2005,15.63333333,1378,Cfa,0.076947297,0.034976044,Constant,21.7227476,#N/A,Behrends et al. (2007) Subsurface flow,Horizontal Subsurface Flow,Sec. Domestic Wastewater,2.2,1.826824928,0,Constructed,Emergent,Behrends et al. (2007) Subsurface flow,#N/A,#N/A,#N/A,#N/A,63.45836125,0.385381771,2,#N/A,#N/A,#N/A,#N/A,#N/A,#N/A,#N/A,2.219522435,#N/A
Juston & DeBusk (2006) STA-5 Cell 1,"Florida, USA",26.444,-80.90366,2002-2005,22.99583333,1330,Aw,,0.034976044,Precipitation-driven,#N/A,0.177,Juston & DeBusk (2006) STA-5 Cell 1,Free Water Surface,Agricultural runoff,8310000,80.53627063,3,"Created, formerly cropland",Emergent,Juston & DeBusk (2006) STA-5 Cell 1,#N/A,#N/A,#N/A,#N/A,#N/A,#N/A,#N/A,2.3,#N/A,1.058,#N/A,46,#N/A,1,#N/A,0.571171221
Radoux et al. (1997) Iris,Belgium,49.6985,5.7929,#N/A,8.575,936,Cfb,0.071950719,0.037474333,Constant,18.7,3.8,Radoux et al. (1997) Iris,Free Water Surface,Sec. Domestic Wastewater,1.92,1.765698574,1,Constructed,Emergent,Radoux et al. (1997) Iris,185.4166667,#N/A,75,#N/A,40.4494382,#N/A,1,28.64583333,#N/A,9.375,#N/A,32.72727273,#N/A,1,1.515815717,18.53502813
Radoux et al. (1997) Sand+Alnus,Belgium,49.6985,5.7929,#N/A,8.575,936,Cfb,0.071950719,0.037474333,Constant,18.7,3.8,Radoux et al. (1997) Sand+Alnus,Horizontal Subsurface Flow,Sec. Domestic Wastewater,1.92,1.765698574,1,Constructed,Trees,Radoux et al. (1997) Sand+Alnus,185.4166667,#N/A,121.875,#N/A,65.73033708,#N/A,1,28.64583333,#N/A,21.875,#N/A,76.36363636,#N/A,1,2.46320054,43.24839896
Radoux et al. (1997) Typha,Belgium,49.6985,5.7929,#N/A,8.575,936,Cfb,0.071950719,0.037474333,Constant,18.7,3.8,Radoux et al. (1997) Typha,Free Water Surface,Sec. Domestic Wastewater,1.92,1.765698574,1,Constructed,Emergent,Radoux et al. (1997) Typha,185.4166667,#N/A,105.2083333,#N/A,56.74157303,#N/A,1,28.64583333,#N/A,14.58333333,#N/A,50.90909091,#N/A,1,2.126352603,28.83226597
Gajewska & Ambroch (2012) Wiklino HF II,Poland,54.5484,17.1494,2007-2009,8.041666667,664,Cfb,20.5059546,0.03797399,"continuous, variable",49,#N/A,Gajewska & Ambroch (2012) Wiklino HF II,Horizontal Subsurface Flow,Tert. Domestic Wastewater,540,7.230855771,12,Constructed,Emergent,Gajewska & Ambroch (2012) Wiklino HF II,584,#N/A,328.5,#N/A,56.25,#N/A,1,#N/A,#N/A,#N/A,#N/A,#N/A,#N/A,#N/A,2.136036938,#N/A
Chen et al. (2014) STA-6,"Florida, USA",26.34881,-80.88693,1999-2011,23.04166667,1352,Aw,,0.038173854,Precipitation-driven,#N/A,0.132,Chen et al. (2014) STA-6,Free Water Surface,Agricultural runoff,9230000,82.67832781,2,"Restored, formerly other land use",Unspecified,Chen et al. (2014) STA-6,#N/A,#N/A,#N/A,#N/A,#N/A,#N/A,#N/A,1.302392923,#N/A,1.05,#N/A,82,#N/A,1,#N/A,0.991795579
Abtew et al. (2008) STA-2,"Florida, USA",26.39728,-80.52426,2005-2006,23.25833333,1455,Aw,,0.03857358,Precipitation-driven,#N/A,120,Abtew et al. (2008) STA-2,Free Water Surface,Agricultural runoff,26030000,107.1420128,5,Not specified,Mixed,Abtew et al. (2008) STA-2,#N/A,#N/A,#N/A,#N/A,#N/A,#N/A,#N/A,1.695001119,#N/A,1.38,#N/A,81,#N/A,1,#N/A,0.756005957
Abtew et al. (2008) STA-6,"Florida, USA",26.34881,-80.88693,2005-2006,23.04166667,1352,Aw,,0.038773443,Precipitation-driven,#N/A,104,Abtew et al. (2008) STA-6,Free Water Surface,Agricultural runoff,3520000,64.97210312,8,"Restored, formerly other land use",Emergent,Abtew et al. (2008) STA-6,#N/A,#N/A,#N/A,#N/A,#N/A,#N/A,#N/A,1.481331169,#N/A,1.23,#N/A,84,#N/A,1,#N/A,1.292862567
Nungesser & Chimney (2001) ENRP Cell 1,"Florida, USA",26.62826,-80.43314,1995-1999,23.03333333,1429,Aw,,0.039972621,"continuous, variable",#N/A,#N/A,Nungesser & Chimney (2001) ENRP Cell 1,Free Water Surface,Agricultural runoff,5270000,71.86938241,1?,Constructed,Emergent,Nungesser & Chimney (2001) ENRP Cell 1,#N/A,#N/A,#N/A,#N/A,#N/A,#N/A,#N/A,0.831593928,#N/A,0.358,#N/A,43.1,#N/A,1,#N/A,0.599699045
Abtew et al. (2008) STA-3/4,"Florida, USA",26.36627,-80.63874,2005-2006,23.20416667,1418,Aw,,0.040772074,Precipitation-driven,#N/A,123,Abtew et al. (2008) STA-3/4,Free Water Surface,Agricultural runoff,57680000,130.7216653,1,Not specified,Mixed,Abtew et al. (2008) STA-3/4,#N/A,#N/A,#N/A,#N/A,#N/A,#N/A,#N/A,1.832343281,#N/A,1.25,#N/A,80,#N/A,1,#N/A,0.611987307
Juston & DeBusk (2006) STA-2 Cell 2,"Florida, USA",26.39728,-80.52426,2002-2005,23.25833333,1455,Aw,,0.042970568,Precipitation-driven,#N/A,0.091,Juston & DeBusk (2006) STA-2 Cell 2,Free Water Surface,Agricultural runoff,8980000,82.11270199,3,"Restored, formerly other land use",Emergent,Juston & DeBusk (2006) STA-2 Cell 2,#N/A,#N/A,#N/A,#N/A,#N/A,#N/A,#N/A,1.4,#N/A,0.994,#N/A,71,#N/A,1,#N/A,0.86466525
Juston & DeBusk (2006) STA-1W west,"Florida, USA",26.635,-80.439,1997-2004,23.03333333,1429,Aw,,0.042970568,Precipitation-driven,#N/A,0.106,Juston & DeBusk (2006) STA-1W west,Free Water Surface,Agricultural runoff,5250000,71.80109788,4,"Created, formerly cropland",Emergent,Juston & DeBusk (2006) STA-1W west,#N/A,#N/A,#N/A,#N/A,#N/A,#N/A,#N/A,1.75,1.060660172,1.225,0.530330086,74.5,14.8492424,2,#N/A,1.037588591
Moustafa & Havens (2001) ENRP,"Florida, USA",26.637,-80.4312,1994-1997,23.03333333,1429,Aw,,0.043123345,"continuous, variable",3.152125644,0.107978139,Moustafa & Havens (2001) ENRP,Free Water Surface,Agricultural runoff,16000000,94.86832981,#N/A,Constructed,Emergent,Moustafa & Havens (2001) ENRP,32.59581899,7.39373189,12.56728007,3.041031413,38.50604716,3.648231463,3,1.188112014,0.505742302,0.867763117,0.39613849,72.11712276,3.385057152,3,1.660509556,0.760181221
Kim et al. (2010) Seok-moon,South Korea,36.953,126.6306,2002-2005,11.82083333,1206,Cfa,392.7310024,0.044628523,"continuous, variable",3.9,0.3375,Kim et al. (2010) Seok-moon,Free Water Surface,River/Lake water,8800,14.52820392,0,"Created, formerly cropland",Emergent,Kim et al. (2010) Seok-moon,118.775,26.72282108,51.85,10.05733563,43.9,3.140063694,4,9,1.954482029,4.15,0.6244998,46.75,3.445286635,4,1.95919216,3.217878841
Heyvaert et al. (2006) TCWTS,"California, USA",39.1633,-120.1467,2002-2003,6.325,855,Csb,,0.04704566,Precipitation-driven,1.966,0.542,Heyvaert et al. (2006) TCWTS,Free Water Surface,Urban storm water/runoff,6366,13.39855359, ,"Created, formerly other land use",Emergent,Heyvaert et al. (2006) TCWTS,21.42218448,#N/A,12.60128499,#N/A,59,#N/A,1,4.09541762,#N/A,3.307837309,#N/A,79,#N/A,1,2.77569394,5.896158826
Sartoris et al. (2000) Marsh-pond-marsh system,"California, USA",33.7982,-117.0211,1996-1997,17.95416667,290,Csa,4847.87952,0.04896848,"continuous, variable",#N/A,#N/A,Sartoris et al. (2000) Marsh-pond-marsh system,Free Water Surface,Sec. Domestic Wastewater,99000,26.60725413,1,Constructed,Emergent,Sartoris et al. (2000) Marsh-pond-marsh system,437.794,#N/A,118.19136,#N/A,26.997026,#N/A,1,#N/A,#N/A,#N/A,#N/A,#N/A,#N/A,#N/A,1.322003328,#N/A
Juston & DeBusk (2006) STA-2 Cell 3,"Florida, USA",26.39728,-80.52426,2002-2005,23.25833333,1455,Aw,,0.049965777,Precipitation-driven,#N/A,0.082,Juston & DeBusk (2006) STA-2 Cell 3,Free Water Surface,Agricultural runoff,8980000,82.11270199,3,"Created, formerly cropland",Emergent,Juston & DeBusk (2006) STA-2 Cell 3,#N/A,#N/A,#N/A,#N/A,#N/A,#N/A,#N/A,1.5,#N/A,1.245,#N/A,83,#N/A,1,#N/A,1.010805856
Mitsch et al. (1995) Des Plaines River Wetland 5,"Illinois, USA",42.424177,-87.936844,1990,8.375,875,Dfa,937.1247127,0.050113621,"continuous, variable",#N/A,111,Mitsch et al. (1995) Des Plaines River Wetland 5,Free Water Surface,River/Lake water,18700,17.54089144,1,Constructed,Emergent,Mitsch et al. (1995) Des Plaines River Wetland 5,#N/A,#N/A,#N/A,#N/A,#N/A,#N/A,#N/A,2.1788,#N/A,1.3728,#N/A,63.0071599,#N/A,1,#N/A,3.59201584
Andersen et al. (2003) Demonstration wetland Config A,"California, USA",33.7982,-117.0211,1996-1997,17.95416667,290,Csa,5098.50792,0.05150008,"continuous, variable",19.9,2.5,Andersen et al. (2003) Demonstration wetland Config A,Free Water Surface,Sec. Domestic Wastewater,99000,26.60725413,2,Constructed,Emergent,Andersen et al. (2003) Demonstration wetland Config A,379.6,#N/A,137.7948,#N/A,36.3,#N/A,1,45.625,#N/A,2.09875,#N/A,4.6,#N/A,1,1.869452904,0.172885183
Nungesser & Chimney (2001) ENRP Cell 3,"Florida, USA",26.62826,-80.43314,1995-1999,23.03333333,1429,Aw,,0.051964408,"continuous, variable",#N/A,#N/A,Nungesser & Chimney (2001) ENRP Cell 3,Free Water Surface,Agricultural runoff,4040000,67.24911917,1?,Constructed,Emergent,Nungesser & Chimney (2001) ENRP Cell 3,#N/A,#N/A,#N/A,#N/A,#N/A,#N/A,#N/A,0.706930693,#N/A,0.215,#N/A,30.4,#N/A,1,#N/A,0.452050531
Han et al. (2010) SSF phragmites,Netherlands,51.5409,5.8697,2 years,9.658333333,774,Cfb,1.686583808,0.052705744,"continuous, variable",30,#N/A,Han et al. (2010) SSF phragmites,Horizontal Subsurface Flow,Agricultural runoff,32,3.567621345,0,Constructed,Emergent,Han et al. (2010) SSF phragmites,576.426799,84.22115508,152.853598,3.158293315,26.84399227,4.470058248,2,#N/A,#N/A,#N/A,#N/A,#N/A,#N/A,#N/A,1.414832585,#N/A
Han et al. (2010) SSF straw,Netherlands,51.5409,5.8697,2 years,9.658333333,774,Cfb,1.686583808,0.052705744,"continuous, variable",30,#N/A,Han et al. (2010) SSF straw,Free Water Surface,Agricultural runoff,32,3.567621345,0,Constructed,Unspecified,Han et al. (2010) SSF straw,576.426799,84.22115508,367.2456576,7.369351069,64.30369476,8.116895934,2,#N/A,#N/A,#N/A,#N/A,#N/A,#N/A,#N/A,3.389174074,#N/A
Kadlec et al. (2012) Brighton WWTP wetlands,"Ontario, Canada",44.029,-77.721,2000-2010,7.279166667,822,Dfb,3283.750826,0.052963723,"continuous, variable",14.39,0.378,Kadlec et al. (2012) Brighton WWTP wetlands,Free Water Surface,Sec. wastewater+ urban runoff,62000,23.66950532,10,"Created, formerly cropland",Emergent,Kadlec et al. (2012) Brighton WWTP wetlands,266,#N/A,49,#N/A,18,#N/A,1,6.848484848,#N/A,2.26,#N/A,33,#N/A,1,0.953347014,1.394198973
Mitsch et al. (1995) Des Plaines River Wetland 3,"Illinois, USA",42.427604,-87.93458,1990,8.375,875,Dfa,1253.894044,0.053815195,"continuous, variable",#N/A,111,Mitsch et al. (1995) Des Plaines River Wetland 3,Free Water Surface,River/Lake water,23300,18.53233915,1,Constructed,Emergent,Mitsch et al. (1995) Des Plaines River Wetland 3,#N/A,#N/A,#N/A,#N/A,#N/A,#N/A,#N/A,2.2932,#N/A,1.4456,#N/A,63.03854875,#N/A,1,#N/A,3.401543014
Fink (2007) Oxbow diversion wetland,"Ohio, USA",40.01865,-83.01768,2005,10.825,949,Dfa,1642.71048,0.054757016,"continuous, variable",3.39,0.17,Fink (2007) Oxbow diversion wetland,Free Water Surface,River/Lake water,30000,19.74111019,9,"Created, formerly other land use",Emergent,Fink (2007) Oxbow diversion wetland,17.2,#N/A,11,#N/A,64,#N/A,1,3.96,#N/A,2.87,#N/A,13,#N/A,1,3.504449024,0.658524261
Abe et al. (2008) Koibuchi,Japan,36.031405,140.212896,2006-2007,13.90833333,1314,Cfa,26.3819304,0.054962355,Constant,18.3,1.86,Abe et al. (2008) Koibuchi,Free Water Surface,Sec. Domestic Wastewater,480,7.021041958,#N/A,"Created, formerly other land use",Emergent,Abe et al. (2008) Koibuchi,354.05,#N/A,136,#N/A,40,#N/A,1,36.5,#N/A,17.7,#N/A,48,#N/A,1,2.1984942,6.836592102
Kadlec et al. (2011) Richland-Chambers field-scale train,"Texas, USA",32.01,-96.082,1993-2000,19.0125,999,Cfa,54093.67498,0.054962355,"Intermittent, variable",3.53,0.9,Kadlec et al. (2011) Richland-Chambers field-scale train,Free Water Surface,River/Lake water,984195,47.24561946,1?,"Created, formerly other land use",Mixed,Kadlec et al. (2011) Richland-Chambers field-scale train,71,#N/A,42,#N/A,59.15492958,#N/A,1,#N/A,#N/A,6.2,#N/A,#N/A,#N/A,1,3.25129424,#N/A
Gu (2008) South Test Cell S4,"Florida, USA",26.6242,-80.426,2000-2001,23.09166667,1440,Aw,,0.05596167,"continuous, variable",#N/A,25.88281244,Gu (2008) South Test Cell S4,Free Water Surface,Agricultural runoff,2000,10.03110457,2,Constructed,Submerged,Gu (2008) South Test Cell S4,#N/A,#N/A,#N/A,#N/A,#N/A,#N/A,#N/A,0.53,#N/A,0.08,#N/A,15,#N/A,1,#N/A,1.495348781
Abtew et al. (2008) STA-5,"Florida, USA",26.444,-80.90366,2005-2006,22.99583333,1330,Aw,,0.056061602,Precipitation-driven,#N/A,199,Abtew et al. (2008) STA-5,Free Water Surface,Agricultural runoff,13040000,90.13856854,6,"Created, formerly cropland",Mixed,Abtew et al. (2008) STA-5,#N/A,#N/A,#N/A,#N/A,#N/A,#N/A,#N/A,4.075583159,#N/A,1.76,#N/A,55,#N/A,1,#N/A,0.61017166
Kieckbusch & Schrautzer (2007) West polder,Germany,54.24,10.233,2002-2004,8.029166667,740,Cfb,,0.012334409,Precipitation-driven,#N/A,#N/A,Kieckbusch & Schrautzer (2007) West polder,Free Water Surface,River/Lake water,35000,20.516736,#N/A,"Restored, formerly drained cropland",Filamentous algae,Kieckbusch & Schrautzer (2007) West polder,2.12,0.268328157,-0.34,1.114899099,-12.8,52.02595506,5,0.076,0.008944272,-0.328,0.200922871,-421.8,253.7187419,5,-0.157880435,-20.55882573
Harouiya et al. (2011) HF,France,45.673692,5.575816,30 months,11.3875,871,Cfb,3.781665162,0.057297957,"continuous, variable",#N/A,#N/A,Harouiya et al. (2011) HF,Horizontal Subsurface Flow,Sec. Domestic Wastewater,66,4.275404824,0,Constructed,Unspecified,Harouiya et al. (2011) HF,#N/A,#N/A,#N/A,#N/A,#N/A,#N/A,#N/A,109.1152928,52.07664755,0.53797519,2.43945069,-0.045666484,2.257458327,2,#N/A,-0.010681207
Harouiya et al. (2011) HF Apatite,France,45.673692,5.575816,30 months,11.3875,871,Cfb,3.781665162,0.057297957,"continuous, variable",#N/A,#N/A,Harouiya et al. (2011) HF Apatite,Horizontal Subsurface Flow,Sec. Domestic Wastewater,66,4.275404824,0,Constructed,Unspecified,Harouiya et al. (2011) HF Apatite,#N/A,#N/A,#N/A,#N/A,#N/A,#N/A,#N/A,109.1152928,52.07664755,62.58169839,39.80916438,54.90018396,10.28177516,2,#N/A,12.84093231
Koskiaho et al. (2003) Alastaro,Finland,60.942475,22.908302,1998-2000,4.091666667,631,Dfb,,2.748117728,Precipitation-driven,8.4,0.122,Koskiaho et al. (2003) Alastaro,Free Water Surface,Agricultural runoff,4800,12.48537435,4,"Created, formerly other land use",Emergent,Koskiaho et al. (2003) Alastaro,#N/A,#N/A,-25.44848901,37.54950694,-6,8.485281374,2,9.541497976,2.180007344,0.812884615,1.828414958,6.5,17.67766953,2,-16.48870637,0.52060914
Juston & DeBusk (2006) STA-1W north,"Florida, USA",26.668,-80.424,2002-2004,23.02083333,1416,Aw,,0.059958932,Precipitation-driven,#N/A,0.165,Juston & DeBusk (2006) STA-1W north,Free Water Surface,Agricultural runoff,11550000,87.445357,3,"Created, formerly cropland",Emergent,Juston & DeBusk (2006) STA-1W north,#N/A,#N/A,#N/A,#N/A,#N/A,#N/A,#N/A,3.6,#N/A,1.764,#N/A,49,#N/A,1,#N/A,0.560349934
Lu et al. (2010) Kunming NCW,China,24.856,102.7832,2003,15.94583333,1002,Cwb,,0.059958932,"continuous, variable",8.4,0.87,Lu et al. (2010) Kunming NCW,Free Water Surface,Agricultural runoff,4200,12.07545716,#N/A,Constructed,Emergent,Lu et al. (2010) Kunming NCW,105.485,#N/A,59.13,#N/A,56.05536332,#N/A,1,13.505,#N/A,9.125,#N/A,67.56756757,#N/A,1,3.361019718,5.595445924
Gu (2008) South Test Cell S9,"Florida, USA",26.6242,-80.426,2000-2001,23.09166667,1440,Aw,,0.060958248,"continuous, variable",#N/A,26.07063001,Gu (2008) South Test Cell S9,Free Water Surface,Agricultural runoff,2000,10.03110457,2,Constructed,Submerged,Gu (2008) South Test Cell S9,#N/A,#N/A,#N/A,#N/A,#N/A,#N/A,#N/A,0.58,#N/A,0.2,#N/A,34,#N/A,1,#N/A,3.389457237
Flyckt (2010) Magle,Sweden,56.137007,13.742948,1996-2009,7.520833333,2.4,Cfb,12360.5338,0.061802669,"Continous, variable",20,0.17,Flyckt (2010) Magle,Free Water Surface,Tert. Domestic Wastewater,200000,31.7211379,1,"Created, formerly other land use",Submerged,Flyckt (2010) Magle,457.6863055,61.43163149,106.5784973,34.54167944,23.57142857,8.026056467,14,3.839958403,1.229680552,1.040258946,0.7371848,28.42857143,17.97739729,14,1.456777198,0.896202763
Flyckt (2010) Vagnhärad,Sweden,58.9415,17.514833,2003-2009,6.9,#N/A,Cfb,1441.012997,0.062652739,"Continous, variable",21,0.52,Flyckt (2010) Vagnhärad,Combined Horizontal,Tert. Domestic Wastewater,23000,18.47239549,2,"Created, formerly other land use",Emergent,Flyckt (2010) Vagnhärad,483.2478353,45.28847062,123.8953239,31.82609782,25.57142857,5.769377288,7,11.66188878,5.444900409,10.06749156,5.455292228,84.14285714,6.2029179,7,1.60212004,4.555059316
Nungesser & Chimney (2001) ENRP Cell 2,"Florida, USA",26.62826,-80.43314,1995-1999,23.03333333,1429,Aw,,0.062956879,"continuous, variable",#N/A,#N/A,Nungesser & Chimney (2001) ENRP Cell 2,Free Water Surface,Agricultural runoff,4130000,67.62056139,1?,Constructed,Emergent,Nungesser & Chimney (2001) ENRP Cell 2,#N/A,#N/A,#N/A,#N/A,#N/A,#N/A,#N/A,1.753753027,#N/A,0.925,#N/A,52.8,#N/A,1,#N/A,0.78082759
Gajewska & Ambroch (2012) Wiklino VF,Poland,54.5484,17.1494,2007-2009,8.041666667,664,Cfb,20.48436967,0.065655031,"Intermittent, variable",72.1,#N/A,Gajewska & Ambroch (2012) Wiklino VF,Vertical Subsurface Down,Sec. Domestic Wastewater,312,6.30419891,7,Constructed,Emergent,Gajewska & Ambroch (2012) Wiklino VF,1642.5,#N/A,511,#N/A,31.11111111,#N/A,1,#N/A,#N/A,#N/A,#N/A,#N/A,#N/A,#N/A,2.042600964,#N/A
Martin et al. (2013) V30 CWF Unit 9,Spain,39.4355,-0.3747,2011-2012,17.57083333,444,Csa,157.7919236,0.067432446,"Intermittent, constant",8.9,0.635,Martin et al. (2013) V30 CWF Unit 9,Horizontal Subsurface Flow,Tert. Domestic Wastewater,2340,10.43266407,0,Constructed,Emergent,Martin et al. (2013) V30 CWF Unit 9,145.55,#N/A,15.201987,#N/A,24.4,#N/A,1,10.37,#N/A,3.342099496,#N/A,77,#N/A,1,1.645351682,7.380665138
Juston & DeBusk (2006) STA-6 Cell 3,"Florida, USA",26.34881,-80.88693,2001-2005,23.04166667,1352,Aw,,0.067953457,Precipitation-driven,#N/A,0.069,Juston & DeBusk (2006) STA-6 Cell 3,Free Water Surface,Agricultural runoff,990000,47.31513218,4,"Restored, formerly other land use",Emergent,Juston & DeBusk (2006) STA-6 Cell 3,#N/A,#N/A,#N/A,#N/A,#N/A,#N/A,#N/A,1.7,#N/A,1.394,#N/A,82,#N/A,1,#N/A,1.733060782
Leonardson et al. (1994) Vomb East,Sweden,55.668,13.5192,1992,7.9125,655,Cfb,3367.55645,0.067351129,"Intermittent, variable",2.9,#N/A,Leonardson et al. (1994) Vomb East,Vertical Subsurface Down,River/Lake water,50000,22.43023172,150,"Restored, formerly other land use",Emergent,Leonardson et al. (1994) Vomb East,48,#N/A,0,#N/A,0,#N/A,1,#N/A,#N/A,#N/A,#N/A,#N/A,#N/A,#N/A,0,#N/A
Tanner & Sukias (2011) Toenepi,New Zealand,-37.7333333,175.5833333,2001-2006,14.05833333,1200,Cfb,,0.069256674,Precipitation-driven,13.386,0.069,Tanner & Sukias (2011) Toenepi,Free Water Surface,Agricultural runoff,293,6.205948455,1,"Created, formerly other land use",Emergent,Tanner & Sukias (2011) Toenepi,345.7321492,156.9274028,119.2600158,142.3042872,30,21.67948339,5,1.607011612,0.58782648,-1.737069004,2.38394528,-104.4,114.6355093,5,2.07770022,-16.82256963
Fink & Mitsch (2007) Oxbow diversion wetland,"Ohio, USA",40.01865,-83.01768,2004,10.825,949,Dfa,2217.65913,0.073921971,"Intermittent, variable",#N/A,#N/A,Fink & Mitsch (2007) Oxbow diversion wetland,Free Water Surface,River/Lake water,30000,19.74111019,8,"Created, formerly other land use",Emergent,Fink & Mitsch (2007) Oxbow diversion wetland,64.5,#N/A,32.3,#N/A,50,#N/A,1,6.1,#N/A,4.48,#N/A,73,#N/A,1,3.69609855,3.697867004
Tuncsiper et al. (2005) Marmara Research Center FWS,Turkey,40.79,29.451,2002-2003,13.82083333,751,Csa,0.074948665,0.074948665,"continuous, variable",13,#N/A,Tuncsiper et al. (2005) Marmara Research Center FWS,Free Water Surface,Sec. Domestic Wastewater,1,1.5,1,Constructed,Mixed,Tuncsiper et al. (2005) Marmara Research Center FWS,313.9,5.39E-06,166.367,62.54413191,53,19.92485885,3,#N/A,#N/A,#N/A,#N/A,#N/A,#N/A,#N/A,3.972279245,#N/A
Tuncsiper et al. (2005) Marmara Research Center SSF,Turkey,40.79,29.451,2002-2003,13.82083333,751,Csa,0.074948665,0.074948665,"continuous, variable",13,#N/A,Tuncsiper et al. (2005) Marmara Research Center SSF,Horizontal Subsurface Flow,Sec. Domestic Wastewater,1,1.5,1,Constructed,Emergent,Tuncsiper et al. (2005) Marmara Research Center SSF,244.55,0,113.9603,11.9359998,46.6,4.880801391,10,#N/A,#N/A,#N/A,#N/A,#N/A,#N/A,#N/A,3.492607789,#N/A
Reinhardt et al. (2006) Wetland Boden,Switzerland,47.1101,8.2246,2002-2004,8.745833333,1140,Cfb,55.16221752,0.076614191,"continuous, variable",4.329558741,#N/A,Reinhardt et al. (2006) Wetland Boden,Free Water Surface,Agricultural runoff,720,7.770060192,1,Constructed,Floating,Reinhardt et al. (2006) Wetland Boden,166.9477875,#N/A,44.9261488,#N/A,26.910299,#N/A,1,#N/A,#N/A,#N/A,#N/A,#N/A,#N/A,#N/A,2.061710787,#N/A
Gu (2008) South Test Cell S14,"Florida, USA",26.6242,-80.426,2000-2001,23.09166667,1440,Aw,,0.077946612,"continuous, variable",#N/A,#N/A,Gu (2008) South Test Cell S14,Free Water Surface,Agricultural runoff,2000,10.03110457,2,Constructed,Submerged,Gu (2008) South Test Cell S14,#N/A,#N/A,#N/A,#N/A,#N/A,#N/A,#N/A,1.01,#N/A,0.2,#N/A,16,#N/A,1,#N/A,1.5950387
Andersen et al. (2003) Demonstration wetland Config B,"California, USA",33.7982,-117.0211,1999-2001,17.95416667,290,Csa,8083.463355,0.081651145,"continuous, variable",17.8,2.3,Andersen et al. (2003) Demonstration wetland Config B,Free Water Surface,Sec. Domestic Wastewater,99000,26.60725413,1,Constructed,Emergent,Andersen et al. (2003) Demonstration wetland Config B,536.55,#N/A,152.3802,#N/A,28.4,#N/A,1,67.525,#N/A,5.874675,#N/A,8.7,#N/A,1,2.318892518,0.326978498
Martin (2013) Tancat de la Pipa FWSCW,Spain,39.3618,-0.3459,2009-2011,17.69166667,450,Csa,7616.174651,0.085398442,"continuous, variable",3.9,0.361,Martin (2013) Tancat de la Pipa FWSCW,Free Water Surface,Agricultural runoff,89184,25.9216711,0,"Created, formerly cropland",Mixed,Martin (2013) Tancat de la Pipa FWSCW,104.6128071,30.67371638,54.7941,11.81872416,53,4.242640687,2,11.21824507,4.39824772,6.4255,2.665651144,57,1.414213562,2,4.526117426,2.198932306
Lu et al. ( 2009) Kunming SCW,China,24.856,102.7832,2002-2004,15.94583333,1002,Cwb,,0.086369414,"Intermittent, variable",#N/A,0.87,Lu et al. ( 2009) Kunming SCW,Free Water Surface,Agricultural runoff,2800,10.91140729,1,Constructed,Emergent,Lu et al. ( 2009) Kunming SCW,#N/A,#N/A,#N/A,#N/A,#N/A,#N/A,#N/A,27.375,#N/A,16.15125,#N/A,59,#N/A,1,#N/A,5.4071852
Lu et al. (2009) Kunming SCW,China,24.856,102.7832,2002-2004,15.94583333,1002,Cwb,,0.086369414,"Intermittent, variable",8.4,#N/A,Lu et al. (2009) Kunming SCW,Free Water Surface,Agricultural runoff,2800,10.91140729,0,Constructed,Emergent,Lu et al. (2009) Kunming SCW,264.99,#N/A,0.4458,#N/A,61.40495868,#N/A,1,#N/A,#N/A,#N/A,#N/A,#N/A,#N/A,#N/A,5.303510298,#N/A
Lu et al. (2010) Kunming SCW,China,24.856,102.7832,2003,15.94583333,1002,Cwb,,0.086369414,"continuous, variable",8.4,0.87,Lu et al. (2010) Kunming SCW,Free Water Surface,Agricultural runoff,2800,10.91140729,#N/A,Constructed,Emergent,Lu et al. (2010) Kunming SCW,193.815,#N/A,108.405,#N/A,55.93220339,#N/A,1,24.82,#N/A,13.14,#N/A,52.94117647,#N/A,1,4.830831631,4.851910947
Domingos et al. (2011) CSBPs wetland cell 1,Australia,-32.2451,115.769,2008-2009,18.5375,812,Csa,,0.086412548,"Intermittent, variable",63,7.1,Domingos et al. (2011) CSBPs wetland cell 1,Vertical Subsurface Down,Agricultural runoff,12825,15.96267246,0,Constructed,Emergent,Domingos et al. (2011) CSBPs wetland cell 1,1167.32,#N/A,325.68,#N/A,29.8728697,#N/A,1,145.03,#N/A,57.3,#N/A,39.50906709,#N/A,1,2.581390787,2.475091009
Bulc et al. (2011) Vegetated drainage ditch,Slovenia,46.04677,14.56648,2008-2009,10.35416667,1272,Cfb,3.4536345,0.09209692,"continuous, variable",2.7,0.3,Bulc et al. (2011) Vegetated drainage ditch,Combined Horizontal,River/Lake water,37.5,3.711924003,3,Constructed,Emergent,Bulc et al. (2011) Vegetated drainage ditch,#N/A,#N/A,#N/A,#N/A,40,#N/A,1,#N/A,#N/A,#N/A,#N/A,3,#N/A,1,3.6838768,0.808206202
Reinhart (2005) Sonnhof,Switzerland,47.122,8.2022,2001-2002,8.495833333,1150,Cfb,,0.092970422,Precipitation-driven,#N/A,0.178239608,Reinhart (2005) Sonnhof,Free Water Surface,Agricultural runoff,2350,10.44379226,2,"Created, formerly other land use",Mixed,Reinhart (2005) Sonnhof,#N/A,#N/A,#N/A,#N/A,#N/A,#N/A,#N/A,4.668085106,0.156466181,1.091489362,0.033098615,23,0,2,#N/A,2.202265176
Dunne et al. (2013) Marsh flow-way,"Florida, USA",28.662831,-81.695725,2003-2010,21.7625,1238,Cfa,,0.094442206,"continuous, variable",4.150655399,#N/A,Dunne et al. (2013) Marsh flow-way,Free Water Surface,River/Lake water,2760000,61.13902795,0,"Created, formerly other land use",Emergent,Dunne et al. (2013) Marsh flow-way,128.7850641,37.51810877,30,10.61445555,25.07092318,12.15096785,7,#N/A,#N/A,#N/A,#N/A,#N/A,#N/A,#N/A,2.367753292,#N/A
Flyckt (2010) Örsundsbro,Sweden,59.734273,17.319534,2001-2009,7.2,#N/A,Dfb,1530.951408,0.095684463,"Continous, variable",20,0.42,Flyckt (2010) Örsundsbro,Free Water Surface,Tert. Domestic Wastewater,16000,16.87023976,2,"Created, formerly cropland",Emergent,Flyckt (2010) Örsundsbro,681.1693576,39.96637801,240.1619433,23.17155114,35.4,4.50555213,5,14.23307754,3.717834608,11.00518135,4.114744909,75.8,8.258329129,5,3.38722999,4.493119309
Thorén et al. (2004) Kalmar Dämme,Sweden,56.6646,16.2932,1998-2001,7.683333333,496,Cfb,,0.095934292,Precipitation-driven,6.4,#N/A,Thorén et al. (2004) Kalmar Dämme,Free Water Surface,River/Lake water,180000,30.89650716,#N/A,Constructed,Submerged,Thorén et al. (2004) Kalmar Dämme,171.881105,37.79799614,25,13.31665624,16.75,13.25078614,4,#N/A,#N/A,#N/A,#N/A,#N/A,#N/A,#N/A,1.606899391,#N/A
Mitsch et al. (2012) W2 Not planted,"Ohio, USA",40.01977,-83.018,2004-2008,10.825,949,Dfa,985.32512,0.098532512,"continuous, variable",#N/A,#N/A,Mitsch et al. (2012) W2 Not planted,Free Water Surface,River/Lake water,10000,15,1,"Created, formerly other land use",Mixed,Mitsch et al. (2012) W2 Not planted,113,23.89560629,55.33333333,27.50151511,48.46666667,19.54337057,3,#N/A,#N/A,#N/A,#N/A,#N/A,#N/A,#N/A,4.775542415,#N/A
Mitsch et al. (2012) W1 Planted,"Ohio, USA",40.01977,-83.0193,2004-2008,10.825,949,Dfa,989.32238,0.098932238,"continuous, variable",#N/A,#N/A,Mitsch et al. (2012) W1 Planted,Free Water Surface,River/Lake water,10000,15,1,"Created, formerly other land use",Mixed,Mitsch et al. (2012) W1 Planted,114.6666667,21.54839515,58.33333333,22.81081615,50.1,12.85145906,3,#N/A,#N/A,#N/A,#N/A,#N/A,#N/A,#N/A,4.956505124,#N/A
Radoux et al. (2003) L II Arundo,Marocco,35.690805,-5.329505,1999-2000,17.5625,648,Csa,0.198863792,0.099431896,constant,40.46860431,6.945039663,Radoux et al. (2003) L II Arundo,Horizontal Subsurface Flow,Sec. Domestic Wastewater,2,1.783810673,0,Constructed,Emergent,Radoux et al. (2003) L II Arundo,1469.226145,#N/A,1269.949139,#N/A,86.43660091,#N/A,1,244.5722953,#N/A,239.5546107,#N/A,97.94838391,#N/A,1,8.594555112,54.90962994
Radoux et al. (2003) L II Phragmites,Marocco,35.690801,-5.329501,1999-2000,17.5625,648,Csa,0.198863792,0.099431896,constant,40.46860431,6.945039663,Radoux et al. (2003) L II Phragmites,Free Water Surface,Sec. Domestic Wastewater,2,1.783810673,0,Constructed,Emergent,Radoux et al. (2003) L II Phragmites,1469.226145,#N/A,598.7835776,#N/A,40.75503147,#N/A,1,244.5722953,#N/A,10.61513184,#N/A,4.340283851,#N/A,1,4.052350051,2.433152754
Radoux et al. (2003) L II salix,Marocco,35.690804,-5.329504,1999-2000,17.5625,648,Csa,0.198863792,0.099431896,constant,40.46860431,6.945039663,Radoux et al. (2003) L II salix,Horizontal Subsurface Flow,Sec. Domestic Wastewater,2,1.783810673,0,Constructed,Trees,Radoux et al. (2003) L II salix,1469.226145,#N/A,1095.59798,#N/A,74.56973071,#N/A,1,244.5722953,#N/A,209.9736878,#N/A,85.85342324,#N/A,1,7.414609709,48.12922389
Radoux et al. (2003) L II Shallow pond,Marocco,35.6908,-5.3295,1999-2000,17.5625,648,Csa,0.198863792,0.099431896,constant,40.46860431,6.945039663,Radoux et al. (2003) L II Shallow pond,Free Water Surface,Sec. Domestic Wastewater,2,1.783810673,0,Constructed,Unspecified,Radoux et al. (2003) L II Shallow pond,1469.226145,#N/A,524.5959965,#N/A,35.70559906,#N/A,1,244.5722953,#N/A,17.83305855,#N/A,7.291528474,#N/A,1,3.550275412,4.087613437
Radoux et al. (2003) L II Soil (sand),Marocco,35.690803,-5.329503,1999-2000,17.5625,648,Csa,0.198863792,0.099431896,constant,40.46860431,6.945039663,Radoux et al. (2003) L II Soil (sand),Horizontal Subsurface Flow,Sec. Domestic Wastewater,2,1.783810673,0,Constructed,Unspecified,Radoux et al. (2003) L II Soil (sand),1469.226145,#N/A,1050.527398,#N/A,71.50208987,#N/A,1,244.5722953,#N/A,173.1337586,#N/A,70.79042143,#N/A,1,7.109588364,39.68494108
Radoux et al. (2003) L II Typha,Marocco,35.690802,-5.329502,1999-2000,17.5625,648,Csa,0.198863792,0.099431896,constant,40.46860431,6.945039663,Radoux et al. (2003) L II Typha,Free Water Surface,Sec. Domestic Wastewater,2,1.783810673,0,Constructed,Emergent,Radoux et al. (2003) L II Typha,1469.226145,#N/A,311.9310178,#N/A,21.2309738,#N/A,1,244.5722953,#N/A,-8.397179048,#N/A,-3.433413845,#N/A,1,2.111035979,-1.924763596
Radoux et al. (2003) L III Arundo,Marocco,35.690811,-5.329511,1999-2000,17.5625,648,Csa,0.198863792,0.099431896,constant,23.25219226,4.745453601,Radoux et al. (2003) L III Arundo,Horizontal Subsurface Flow,Tert. Domestic Wastewater,2,1.783810673,0,Constructed,Emergent,Radoux et al. (2003) L III Arundo,845.4293835,#N/A,725.2311047,#N/A,85.78257614,#N/A,1,169.6705047,#N/A,162.585422,#N/A,95.8242107,#N/A,1,8.529524189,53.71882351
Radoux et al. (2003) L III Phragmites,Marocco,35.690807,-5.329507,1999-2000,17.5625,648,Csa,0.198863792,0.099431896,constant,23.25219226,4.745453601,Radoux et al. (2003) L III Phragmites,Free Water Surface,Tert. Domestic Wastewater,2,1.783810673,0,Constructed,Emergent,Radoux et al. (2003) L III Phragmites,845.4293835,#N/A,638.0239079,#N/A,75.46743942,#N/A,1,169.6705047,#N/A,52.53251125,#N/A,30.96148699,#N/A,1,7.503870588,17.35693561
Radoux et al. (2003) L III salix,Marocco,35.69081,-5.32951,1999-2000,17.5625,648,Csa,0.198863792,0.099431896,constant,23.25219226,4.745453601,Radoux et al. (2003) L III salix,Horizontal Subsurface Flow,Tert. Domestic Wastewater,2,1.783810673,0,Constructed,Trees,Radoux et al. (2003) L III salix,845.4293835,#N/A,372.806675,#N/A,44.09672555,#N/A,1,169.6705047,#N/A,117.6654699,#N/A,69.3493958,#N/A,1,4.384621029,38.87710555
Radoux et al. (2003) L III Shallow pond,Marocco,35.690806,-5.329506,1999-2000,17.5625,648,Csa,0.198863792,0.099431896,constant,23.25219226,4.745453601,Radoux et al. (2003) L III Shallow pond,Free Water Surface,Tert. Domestic Wastewater,2,1.783810673,0,Constructed,Unspecified,Radoux et al. (2003) L III Shallow pond,845.4293835,#N/A,420.9159105,#N/A,49.78723459,#N/A,1,169.6705047,#N/A,11.52082467,#N/A,6.790116341,#N/A,1,4.950439132,3.806522994
Radoux et al. (2003) L III Soil (sand),Marocco,35.690809,-5.329509,1999-2000,17.5625,648,Csa,0.198863792,0.099431896,constant,23.25219226,4.745453601,Radoux et al. (2003) L III Soil (sand),Horizontal Subsurface Flow,Tert. Domestic Wastewater,2,1.783810673,0,Constructed,Unspecified,Radoux et al. (2003) L III Soil (sand),845.4293835,#N/A,296.63339,#N/A,35.08671402,#N/A,1,169.6705047,#N/A,114.915082,#N/A,67.72837871,#N/A,1,3.488738499,37.96836725
Radoux et al. (2003) L III Typha,Marocco,35.690808,-5.329508,1999-2000,17.5625,648,Csa,0.198863792,0.099431896,constant,23.25219226,4.745453601,Radoux et al. (2003) L III Typha,Free Water Surface,Tert. Domestic Wastewater,2,1.783810673,0,Constructed,Emergent,Radoux et al. (2003) L III Typha,845.4293835,#N/A,408.6723225,#N/A,48.33902517,#N/A,1,169.6705047,#N/A,17.16256731,#N/A,10.11523325,#N/A,1,4.806440923,5.670575586
Coveney et al. (2002) First Wetland cell,"Florida, USA",28.662831,-81.695725,1991-1993,21.7625,1238,Cfa,,0.100205339,"continuous, variable",5.129641787,0.195492218,Coveney et al. (2002) First Wetland cell,Free Water Surface,River/Lake water,730000,43.84519179,3,"Created, formerly other land use",Emergent,Coveney et al. (2002) First Wetland cell,#N/A,#N/A,53.97275823,#N/A,#N/A,#N/A,1,#N/A,#N/A,0.868331442,#N/A,#N/A,#N/A,1,#N/A,#N/A
Gu (2008) North Test Cell N15,"Florida, USA",26.653,-80.4031,2000-2001,23.09166667,1443,Aw,,0.100930869,"continuous, variable",#N/A,70.8198618,Gu (2008) North Test Cell N15,Free Water Surface,Agricultural runoff,2000,10.03110457,2,Constructed,Submerged,Gu (2008) North Test Cell N15,#N/A,#N/A,#N/A,#N/A,#N/A,#N/A,#N/A,3.01,#N/A,2.2,#N/A,73,#N/A,1,#N/A,7.277364069
Leonardson et al. (1994) Vomb West,Sweden,55.668,13.5192,1992,7.9125,655,Cfb,6110.88294,0.101848049,"Intermittent, variable",2.9,#N/A,Leonardson et al. (1994) Vomb West,Vertical Subsurface Down,River/Lake water,60000,23.4762687,150,"Restored, formerly other land use",Emergent,Leonardson et al. (1994) Vomb West,70.2,#N/A,9,#N/A,12.82051282,#N/A,1,#N/A,#N/A,#N/A,#N/A,#N/A,#N/A,#N/A,1.305744218,#N/A
Beutel et al. (2009) North Wetland,"Washington, USA",46.312279,-120.121281,2003-2006,11.19583333,180,Csb,863.4086211,0.108604858,Constant,2.1,#N/A,Beutel et al. (2009) North Wetland,Free Water Surface,Agricultural runoff,7950,14.16390617,2,"Created, formerly other land use",Emergent,Beutel et al. (2009) North Wetland,85.74603175,#N/A,54.02,#N/A,63,#N/A,1,#N/A,#N/A,#N/A,#N/A,#N/A,#N/A,#N/A,6.842106054,#N/A
DeBusk et al. (2004) Raceways at ENRP,"Florida, USA",26.599,-80.442,1999,23.09166667,1440,Aw,,0.109924709,Constant,#N/A,17.77383367,DeBusk et al. (2004) Raceways at ENRP,Free Water Surface,Agricultural runoff,13.2,2.859135526,0,Constructed,Submerged,DeBusk et al. (2004) Raceways at ENRP,#N/A,#N/A,#N/A,#N/A,#N/A,#N/A,#N/A,0.694849138,#N/A,0.331293103,#N/A,47.67842189,#N/A,1,#N/A,16.67581738
Tanner & Sukias (2011) Bog Burn,New Zealand,-46.0333333,168.2,2003-2007,9.733333333,938,Cfb,,0.112080767,Precipitation-driven,5.7625,0.2955,Tanner & Sukias (2011) Bog Burn,Free Water Surface,Agricultural runoff,112,4.879729685,1,Constructed,Emergent,Tanner & Sukias (2011) Bog Burn,224.2248113,85.8879979,70.26280948,19.22495354,32.75,6.291528696,4,11.55062512,4.496570533,-7.320669723,10.4381362,-53,74.79304781,4,3.670645119,-10.86125737
Dunne et al. (2012) Marsh flow-way,"Florida, USA",28.662831,-81.695725,2004-2006,21.7625,1238,Cfa,,0.116665789,"continuous, variable",#N/A,0.094677083,Dunne et al. (2012) Marsh flow-way,Free Water Surface,River/Lake water,2760000,61.13902795,2,"Created, formerly other land use",Emergent,Dunne et al. (2012) Marsh flow-way,#N/A,#N/A,#N/A,#N/A,#N/A,#N/A,#N/A,3.626464916,0.260785577,0.890500424,0.479190794,24.05660403,11.34818911,3,#N/A,0.393473773
Nairn (1996) ORWRP unplanted,"Ohio, USA",40.02,-83.018,1994-1995,10.825,949,Dfa,1191.22799,0.119122799,"Intermittent, variable",#N/A,164,Nairn (1996) ORWRP unplanted,Free Water Surface,River/Lake water,10000,15,0,"Created, formerly cropland",Filamentous algae,Nairn (1996) ORWRP unplanted,#N/A,#N/A,#N/A,#N/A,#N/A,#N/A,#N/A,10,#N/A,5.19,#N/A,51.9,#N/A,1,#N/A,3.46
Nairn (1996) ORWRP planted,"Ohio, USA",40.02,-83.0193,1994-1995,10.825,949,Dfa,1195.3404,0.11953404,"Intermittent, variable",#N/A,169,Nairn (1996) ORWRP planted,Free Water Surface,River/Lake water,10000,15,0,"Created, formerly cropland",Mixed,Nairn (1996) ORWRP planted,#N/A,#N/A,#N/A,#N/A,#N/A,#N/A,#N/A,8.5,#N/A,5.64,#N/A,66.35294118,#N/A,1,#N/A,4.423529412
Batson et al. (2012) ORWRP W2 unplanted,"Ohio, USA",40.01977,-83.018,2008-2009,10.825,949,Dfa,1196.98235,0.119698235,"continuous, variable",#N/A,#N/A,Batson et al. (2012) ORWRP W2 unplanted,Free Water Surface,River/Lake water,10000,15,15,"Created, formerly cropland",Mixed,Batson et al. (2012) ORWRP W2 unplanted,135.4,#N/A,42.3,#N/A,31.24076809,#N/A,1,#N/A,#N/A,#N/A,#N/A,#N/A,#N/A,#N/A,3.7394648,#N/A
Reinelt & Horner (1995) PC12,"Washington, USA",47.6152,-121.9952,1998-1990,10.27083333,1373,Csb,,0.120877207,Precipitation-driven,#N/A,0.031,Reinelt & Horner (1995) PC12,Free Water Surface,Urban storm water/runoff,15000,16.6002288,?,"Created, formerly other land use",Unspecified,Reinelt & Horner (1995) PC12,#N/A,#N/A,#N/A,#N/A,#N/A,#N/A,#N/A,3.6,#N/A,2.96,#N/A,82.4,#N/A,1,#N/A,4.963787006
Beutel et al. (2009) South Wetland,"Washington, USA",46.312279,-120.121281,2003-2006,11.19583333,180,Csb,863.4086225,0.124052963,Constant,2,#N/A,Beutel et al. (2009) South Wetland,Free Water Surface,Agricultural runoff,6960,13.70072562,2,"Created, formerly other land use",Emergent,Beutel et al. (2009) South Wetland,96.69298246,#N/A,55.115,#N/A,57,#N/A,1,#N/A,#N/A,#N/A,#N/A,#N/A,#N/A,#N/A,7.071018891,#N/A
Healy & Cawley (2002) Second cell,Ireland,53.678,-8.574,1998-2000,8.966666667,1094,Cfb,56.8570567,0.126913073,"continuous, variable",17.9,4.35,Healy & Cawley (2002) Second cell,Free Water Surface,Tert. Domestic Wastewater,448,6.900979901,0,Constructed,Emergent,Healy & Cawley (2002) Second cell,831.0267857,#N/A,158.0580357,#N/A,19.01960784,#N/A,1,199.609375,#N/A,-10.59151786,#N/A,-5.306122449,#N/A,1,2.413836878,-0.768894059
Sajn et al. (2005) SFW surface flow wetland,Slovenia,45.8765,13.9065,one year,12.85833333,1188,Cfb,5.8459959,0.12991102,constant,13.51,2.07,Sajn et al. (2005) SFW surface flow wetland,Free Water Surface,Sec. Domestic Wastewater,45,3.885030096,1,Constructed,Mixed,Sajn et al. (2005) SFW surface flow wetland,561.9522937,#N/A,211.086255,#N/A,38,#N/A,1,85.39034807,#N/A,26.73944827,#N/A,31.3,#N/A,1,4.93661876,8.056565644
Sajn et al. (2005) WSP pond,Slovenia,45.8765,13.9065,one year,12.85833333,1188,Cfb,5.8459959,0.12991102,constant,13.51,2.07,Sajn et al. (2005) WSP pond,Free Water Surface,Sec. Domestic Wastewater,45,3.885030096,1,Constructed,Filamentous algae,Sajn et al. (2005) WSP pond,561.9522937,#N/A,154.5344933,#N/A,27.9,#N/A,1,85.39034807,#N/A,29.4828268,#N/A,34.6,#N/A,1,3.624517458,8.905979914
Gu (2008) North Test Cell N1,"Florida, USA",26.653,-80.4031,2000-2001,23.09166667,1443,Aw,,0.144900753,"continuous, variable",#N/A,70.81437671,Gu (2008) North Test Cell N1,Free Water Surface,Agricultural runoff,2000,10.03110457,2,Constructed,Submerged,Gu (2008) North Test Cell N1,#N/A,#N/A,#N/A,#N/A,#N/A,#N/A,#N/A,4.11,#N/A,3.25,#N/A,79,#N/A,1,#N/A,7.875503581
Tanner & Sukias (2011) Titoki,New Zealand,-35.7166667,174.05,2001-2004,15.54166667,1363,Cfb,,0.14525211,Precipitation-driven,10.68666667,0.258333333,Tanner & Sukias (2011) Titoki,Free Water Surface,Agricultural runoff,898,8.211270199,1,"Created, formerly other land use",Mixed,Tanner & Sukias (2011) Titoki,569.0651753,114.4551901,156.4263992,92.80581297,26,10.58300524,3,13.79897773,4.014466461,-1.60264228,10.30367838,56.66666667,30.55050463,3,3.77655486,6.901084156
Nungesser & Chimney (2001) ENRP Cell 4,"Florida, USA",26.62826,-80.43314,1995-1999,23.03333333,1429,Aw,,0.155893224,"continuous, variable",#N/A,#N/A,Nungesser & Chimney (2001) ENRP Cell 4,Free Water Surface,Agricultural runoff,1470000,52.23006818,1?,Constructed,Submerged,Nungesser & Chimney (2001) ENRP Cell 4,#N/A,#N/A,#N/A,#N/A,#N/A,#N/A,#N/A,2.180272109,#N/A,1.037,#N/A,47.5,#N/A,1,#N/A,0.909437833
DeBusk et al. (2011) SAV Mesocosms with Limerock,"Florida, USA",26.598,-80.444,1999-2005,23.09166667,1440,Aw,,0.156206141,"continuous, variable",#N/A,35.52083333,DeBusk et al. (2011) SAV Mesocosms with Limerock,Free Water Surface,Agricultural runoff,8,2.522689246,0,Constructed,Submerged,DeBusk et al. (2011) SAV Mesocosms with Limerock,#N/A,#N/A,#N/A,#N/A,#N/A,#N/A,#N/A,1.785154935,0.447494271,0.846049953,0.346959854,46.90119127,12.78525471,6,#N/A,18.59174345
DeBusk et al. (2011) SAV Mesocosms with Muck,"Florida, USA",26.598,-80.444,1999-2005,23.09166667,1440,Aw,,0.156206141,"continuous, variable",#N/A,35.52083333,DeBusk et al. (2011) SAV Mesocosms with Muck,Free Water Surface,Agricultural runoff,8,2.522689246,0,Constructed,Submerged,DeBusk et al. (2011) SAV Mesocosms with Muck,#N/A,#N/A,#N/A,#N/A,#N/A,#N/A,#N/A,1.785154935,0.447494271,0.967894242,0.453184378,52.69180838,16.37364178,6,#N/A,20.88715781
Flyckt (2010) Ekeby,Sweden,59.391179,16.456482,2002-2009,6.195833333,5.2,Dfb,44932.2244,0.16047223,"Continous, variable",17,0.25,Flyckt (2010) Ekeby,Free Water Surface,Tert. Domestic Wastewater,280000,34.50489951,2,"Created, formerly other land use",Emergent,Flyckt (2010) Ekeby,992.8978073,117.3386599,157.591759,17.09041448,16,2,8,14.44710494,2.388348026,7.144793153,2.459795662,48.375,11.57506557,8,2.56755568,1.401974812
Reinelt & Horner (1995) B3I,"Washington, USA",47.5813,-122.1663,1998-1990,10.24166667,1238,Csb,,0.181315811,Precipitation-driven,#N/A,0.075,Reinelt & Horner (1995) B3I,Free Water Surface,Urban storm water/runoff,20000,17.83810673,?,"Created, formerly other land use",Unspecified,Reinelt & Horner (1995) B3I,#N/A,#N/A,#N/A,#N/A,#N/A,#N/A,#N/A,5.9,#N/A,0.44,#N/A,7.5,#N/A,1,#N/A,0.420448208
Healy & Cawley (2002) First cell,Ireland,53.678,-8.574,1998-2000,8.966666667,1094,Cfb,55.36208064,0.199863107,"continuous, variable",29.1,5.1,Healy & Cawley (2002) First cell,Free Water Surface,Tert. Domestic Wastewater,277,6.119433242,0,Constructed,Emergent,Healy & Cawley (2002) First cell,2126.750903,#N/A,608.7725632,#N/A,28.62453532,#N/A,1,372.9061372,#N/A,31.62454874,#N/A,8.480565371,#N/A,1,5.720988565,1.385841635
Zhou & Hosomi (2006) Pilot-scale SFW,Japan,36.1628,140.307,2005,13.90416667,1333,Cfa,5.99589321,0.199863107,Constant,2.86,#N/A,Zhou & Hosomi (2006) Pilot-scale SFW,Free Water Surface,River/Lake water,30,3.510520979,0,Constructed,Emergent,Zhou & Hosomi (2006) Pilot-scale SFW,208.78,#N/A,59.86,#N/A,28.67132867,#N/A,1,#N/A,#N/A,#N/A,#N/A,#N/A,#N/A,#N/A,5.73034083,#N/A
Tonderski et al. (2005) Genarp,Sweden,55.6083,13.3938,1993-2002,7.8125,665,Cfb,,0.209856263,Precipitation-driven,#N/A,0.013,Tonderski et al. (2005) Genarp,Free Water Surface,Agricultural runoff,10000,15,1,Constructed,Submerged,Tonderski et al. (2005) Genarp,#N/A,#N/A,#N/A,#N/A,#N/A,#N/A,#N/A,8.845618915,#N/A,2.420027816,#N/A,27.35849057,#N/A,1,#N/A,1.823899371
Andersson et al. (2012) Myrängsdammen,Sweden,59.465431,18.06945,2008-2009,7.2,#N/A,Dfb,,0.22384668,Precipitation-driven,2.3,0.06,Andersson et al. (2012) Myrängsdammen,Free Water Surface,Urban storm water/runoff,1250,8.919053363,3,"Created, formerly other land use",Mixed,Andersson et al. (2012) Myrängsdammen,190.4,#N/A,8.8,#N/A,5,#N/A,1,4.56,#N/A,1.36,#N/A,31,#N/A,1,1.1192334,3.475705183
Toet et al. (2005) Texel Total system,Netherlands,53.0833,4.7833,1996-1997,8.925,770,Cfb,3278.754274,0.249828884,"continuous, variable",5.15,0.79,Toet et al. (2005) Texel Total system,Combined Horizontal,Tert. Domestic Wastewater,13124,16.05490775,#N/A,Constructed,Emergent,Toet et al. (2005) Texel Total system,489,#N/A,126,#N/A,25.76687117,#N/A,1,70.8,#N/A,5.1,#N/A,7.203389831,#N/A,1,6.437308669,0.448672141
Frankenbach & Meyer (1999) TM-2,"California, USA",40.850948,-124.08925,1994,11.87083333,1116,Csb,2298.425733,0.310598072,"continuous, variable",18.81427113,#N/A,Frankenbach & Meyer (1999) TM-2,Free Water Surface,Tert. Domestic Wastewater,7400,13.91230817,5,Constructed,Emergent,Frankenbach & Meyer (1999) TM-2,2238.783784,#N/A,391.7567568,#N/A,17.49864188,#N/A,1,#N/A,#N/A,#N/A,#N/A,#N/A,#N/A,#N/A,5.435044431,#N/A
Tonderski et al. (2005) Råbytorp,Sweden,55.6803,13.2573,1993-2002,7.820833333,659,Cfb,,0.379739904,Precipitation-driven,#N/A,0.13,Tonderski et al. (2005) Råbytorp,Free Water Surface,Agricultural runoff,7500,13.95907289,1,Constructed,Emergent,Tonderski et al. (2005) Råbytorp,#N/A,#N/A,#N/A,#N/A,#N/A,#N/A,#N/A,18.10848401,#N/A,1.919332406,#N/A,10.59907834,#N/A,1,#N/A,0.759296726
Toet et al. (2005) Ditch 3,Netherlands,53.083,4.783,1997-1998,8.925,770,Cfb,379.94976,0.385735797,Constant,5.585,1.245,Toet et al. (2005) Ditch 3,Free Water Surface,Tert. Domestic Wastewater,985,8.403308677,#N/A,"Created, formerly other land use",Mixed,Toet et al. (2005) Ditch 3,748.7309645,#N/A,192.893401,#N/A,25.76271186,#N/A,1,176.6497462,#N/A,-16.75126904,#N/A,-9.482758621,#N/A,1,9.937600192,-1.128455348
Toet et al. (2005) Ditch 8,Netherlands,53.083,4.783,1997-1998,8.925,770,Cfb,379.5880086,0.391731691,Constant,5.585,1.245,Toet et al. (2005) Ditch 8,Free Water Surface,Tert. Domestic Wastewater,969,8.368973705,#N/A,"Created, formerly other land use",Mixed,Toet et al. (2005) Ditch 8,761.1971104,#N/A,169.246646,#N/A,22.23427332,#N/A,1,179.5665635,#N/A,-7.636738906,#N/A,-4.252873563,#N/A,1,8.709869486,-0.508171457
Chavan et al. (2008) train 1,"Nevada, USA",39.51864,-119.70436,2002-2003,9.704166667,200,Csb,8.580123207,0.529637235,"continuous, variable",1.535748484,#N/A,Chavan et al. (2008) train 1,Free Water Surface,River/Lake water,16.2,3.009331372,2,Constructed,Emergent,Chavan et al. (2008) train 1,376.6473863,#N/A,184.8003472,#N/A,49.06455054,#N/A,1,#N/A,#N/A,#N/A,#N/A,#N/A,#N/A,#N/A,25.98641288,#N/A
Chavan et al. (2008) train 2,"Nevada, USA",39.51864,-119.70436,2002-2003,9.704166667,200,Csb,8.580123207,0.529637235,"continuous, variable",1.535748484,#N/A,Chavan et al. (2008) train 2,Free Water Surface,River/Lake water,16.2,3.009331372,2,Constructed,Emergent,Chavan et al. (2008) train 2,379.6566376,#N/A,158.5515873,#N/A,41.7618373,#N/A,1,#N/A,#N/A,#N/A,#N/A,#N/A,#N/A,#N/A,22.11862404,#N/A
Chavan et al. (2008) train 3,"Nevada, USA",39.51864,-119.70436,2002-2003,9.704166667,200,Csb,8.580123207,0.529637235,"continuous, variable",1.704341391,#N/A,Chavan et al. (2008) train 3,Free Water Surface,Tert. Domestic Wastewater,16.2,3.009331372,1,Constructed,Emergent,Chavan et al. (2008) train 3,383.3531432,#N/A,114.6980932,#N/A,29.91969552,#N/A,1,#N/A,#N/A,#N/A,#N/A,#N/A,#N/A,#N/A,15.84658481,#N/A
Chavan et al. (2008) train 4,"Nevada, USA",39.51864,-119.70436,2002-2003,9.704166667,200,Csb,8.580123207,0.529637235,"continuous, variable",1.704341391,#N/A,Chavan et al. (2008) train 4,Free Water Surface,Tert. Domestic Wastewater,16.2,3.009331372,1,Constructed,Emergent,Chavan et al. (2008) train 4,408.7444872,#N/A,129.625,#N/A,31.71296593,#N/A,1,#N/A,#N/A,#N/A,#N/A,#N/A,#N/A,#N/A,16.79636759,#N/A
Koskiaho et al. (2003) Flytträsk,Finland,60.133333,24.083333,1998-2000,5,622,Dfb,,0.575605749,Precipitation-driven,3.1,0.067,Koskiaho et al. (2003) Flytträsk,Free Water Surface,Agricultural runoff,60000,23.4762687,10,"Restored, formerly other land use",Emergent,Koskiaho et al. (2003) Flytträsk,52.98026973,1.442116377,4.20782967,2.13239317,8,4.242640687,2,1.099358974,0.241530064,0.160260989,0.042795501,14.5,0.707106781,2,4.604845992,0.617645001
Li et al. (2008) FWS,China,31.5355,120.2064,one year,15.5625,1028,Cfa,19.18685832,0.639561944,constant,4.82,0.152,Li et al. (2008) FWS,Free Water Surface,River/Lake water,30,3.510520979,0,Constructed,Emergent,Li et al. (2008) FWS,1125.952,#N/A,198.56,#N/A,17.63485477,#N/A,1,35.5072,#N/A,11.4464,#N/A,32.23684211,#N/A,1,11.278582,9.182922507
Li et al. (2008) HSF,China,31.5355,120.2064,one year,15.5625,1028,Cfa,19.18685832,0.639561944,constant,4.82,0.152,Li et al. (2008) HSF,Horizontal Subsurface Flow,River/Lake water,30,3.510520979,0,Constructed,Emergent,Li et al. (2008) HSF,1125.952,#N/A,591.008,#N/A,52.48962656,#N/A,1,35.5072,#N/A,23.36,#N/A,65.78947368,#N/A,1,33.5703676,18.74065817
Li et al. (2008) VSF,China,31.5355,120.2064,one year,15.5625,1028,Cfa,19.18685832,0.639561944,constant,4.82,0.152,Li et al. (2008) VSF,Vertical Subsurface Down,River/Lake water,30,3.510520979,0,Constructed,Emergent,Li et al. (2008) VSF,1125.952,#N/A,572.32,#N/A,50.82987552,#N/A,1,35.5072,#N/A,22.4256,#N/A,63.15789474,#N/A,1,32.508854,17.99103185
Braskerud (2002) G2,Norway,58.73544,5.68207,1996-1998,7.091666667,1388,Cfb,562.4147844,0.66954141,"continuous, variable",5.14,#N/A,Braskerud (2002) G2,Combined Horizontal,River/Lake water,840,8.075344906,2,Constructed,Emergent,Braskerud (2002) G2,1077,#N/A,159,#N/A,15,#N/A,1,#N/A,#N/A,#N/A,#N/A,#N/A,#N/A,#N/A,10.04312115,#N/A
Andersson et al. (2012) Tibble,Sweden,59.475343,17.738154,2008-2009,7.2,#N/A,Dfb,,0.753869616,Precipitation-driven,1.3,0.15,Andersson et al. (2012) Tibble,Free Water Surface,Urban storm water/runoff,5700,13.03346749,34,"Created, formerly other land use",Mixed,Andersson et al. (2012) Tibble,343.8596491,#N/A,163.1578947,#N/A,47,#N/A,1,41.75438596,#N/A,27.71929825,#N/A,66,#N/A,1,35.43187195,5.063886495
Yi et al. (2010) Stormwater wetland,South Korea,37.3049,127.4197,2006-2008,11.3,1303,Dwa,,0.779466119,Precipitation-driven,#N/A,#N/A,Yi et al. (2010) Stormwater wetland,Free Water Surface,agricultural (storm) runoff,2300,10.38779136,2,"Created, formerly other land use",Emergent,Yi et al. (2010) Stormwater wetland,198,#N/A,35,#N/A,17.67676768,#N/A,1,6.82,#N/A,3.91,#N/A,57.3313783,#N/A,1,13.7784415,5.519111458
Chang et al. (2004) West Lake Constructed Wetland,China,30.2365,120.1272,2000-2001,16.67916667,1386,Cfa,161.889117,0.999315537,"Intermittent, constant",6.810323654,0.309734513,Chang et al. (2004) West Lake Constructed Wetland,Vertical Subsurface Down,Agricultural+urban runoff,162,5.351432018,2,Constructed,Emergent,Chang et al. (2004) West Lake Constructed Wetland,2485.768134,#N/A,1169.515966,#N/A,47.04847368,#N/A,1,113.0530973,#N/A,89.71032448,#N/A,79.35238095,#N/A,1,47.01627074,14.82825171
Braskerud (2002) G1,Norway,58.73544,5.68207,1996-1998,7.091666667,1388,Cfb,565.4127311,1.229158111,"continuous, variable",5.14,#N/A,Braskerud (2002) G1,Combined Horizontal,River/Lake water,460,6.94673476,2,Constructed,Emergent,Braskerud (2002) G1,1983,#N/A,285,#N/A,14,#N/A,1,#N/A,#N/A,#N/A,#N/A,#N/A,#N/A,#N/A,17.20821355,#N/A
Braskerud (2002) F,Norway,63.57729,10.37979,1996-1999,4.925,943,Dfc,,1.628884326,"continuous, variable",1.6,#N/A,Braskerud (2002) F,Combined Horizontal,River/Lake water,870,8.146500194,2,Constructed,Unspecified,Braskerud (2002) F,830,#N/A,50,#N/A,6,#N/A,1,#N/A,#N/A,#N/A,#N/A,#N/A,#N/A,#N/A,9.773305956,#N/A
Braskerud (2002) A,Norway,59.915455,11.635403,1993-1999,4.441666667,803,Dfb,1528.952772,1.698836413,"continuous, variable",3.21,#N/A,Braskerud (2002) A,Combined Horizontal,River/Lake water,900,8.215838363,2,Constructed,Emergent,Braskerud (2002) A,1707,#N/A,56,#N/A,3,#N/A,1,#N/A,#N/A,#N/A,#N/A,#N/A,#N/A,#N/A,5.096509239,#N/A
Tonderski et al. (2005) Slogstorp,Sweden,55.7488,13.452,1998-2002,7.854166667,662,Cfb,,1.798767967,Precipitation-driven,#N/A,0.07,Tonderski et al. (2005) Slogstorp,Free Water Surface,Agricultural runoff,6500,13.4685114,1,Constructed,Submerged,Tonderski et al. (2005) Slogstorp,#N/A,#N/A,#N/A,#N/A,#N/A,#N/A,#N/A,44.22809458,#N/A,4.923504868,#N/A,11.13207547,#N/A,1,#N/A,0.826526046
Braskerud (2002) C,Norway,59.878283,11.219953,1993-1999,4.733333333,818,Dfb,624.0225874,1.808761123,"continuous, variable",3.49,#N/A,Braskerud (2002) C,Combined Horizontal,River/Lake water,345,6.464665123,2,Constructed,Emergent,Braskerud (2002) C,2267,#N/A,93,#N/A,4,#N/A,1,#N/A,#N/A,#N/A,#N/A,#N/A,#N/A,#N/A,7.235044492,#N/A
Braskerud et al. (2005) Berg,Norway,59.915455,11.635403,1998-2001,4.441666667,803,Dfb,,3.695988089,Precipitation-driven,#N/A,0.205086244,Braskerud et al. (2005) Berg,Free Water Surface,Agricultural runoff,900,8.215838363,8,"Created, formerly cropland",Emergent,Braskerud et al. (2005) Berg,#N/A,#N/A,#N/A,#N/A,#N/A,#N/A,#N/A,306.939579,144.4829441,133.0121972,89.81619986,40.00171367,11.53929852,3,#N/A,4.868853537
Bass & Evans (2004) Liza's bottom,"North Carolina, USA",36.062481,-76.61521,1997-1999,15.6375,1240,Cfa,,#N/A,Precipitation-driven,2.7,0.37,Bass & Evans (2004) Liza's bottom,Free Water Surface,Agricultural+urban runoff,10000,15,0,"Created, formerly other land use",Emergent,Bass & Evans (2004) Liza's bottom,174.3716861,#N/A,31.08112407,#N/A,17.82,#N/A,1,26.5911983,#N/A,-12.69565217,#N/A,-48,#N/A,1,#N/A,-3.2
Bratli et al. (1999) Lake Borrevannet,Norway,59.39625,10.44257,1994-1996,6.925,729,Cfb,#N/A,#N/A,"continuous, variable",#N/A,#N/A,Bratli et al. (1999) Lake Borrevannet,Free Water Surface,Agricultural runoff,250000,33.54101966,0,"Created, formerly other land use",Mixed,Bratli et al. (1999) Lake Borrevannet,640.1008189,111.4956645,260.42234,4.840310267,41.67434627,8.529191174,3,21.56167584,4.098806663,13.04322231,0.223860938,62.01948296,12.06701618,3,#N/A,1.849063731
Hoffmann et al. (2011) Karlsmosen,Denmark,55.16,10.489,2003,7.9125,632,Cfb,,#N/A,Precipitation-driven,#N/A,#N/A,Hoffmann et al. (2011) Karlsmosen,Free Water Surface,Agricultural runoff,650000,42.59117272,1,"Restored, formerly other land use",Unspecified,Hoffmann et al. (2011) Karlsmosen,66.80307692,#N/A,33.69538462,#N/A,50,#N/A,1,1.353846154,#N/A,0.813846154,#N/A,60,#N/A,1,#N/A,1.408742614
Hoffmann et al. (2011) Lyngbygaards,Denmark,56.114,9.956,2007,7.295833333,665,Cfb,,#N/A,Precipitation-driven,#N/A,#N/A,Hoffmann et al. (2011) Lyngbygaards,Free Water Surface,River/Lake water,1800000,54.94262252,0,"Restored, formerly drained cropland",Unspecified,Hoffmann et al. (2011) Lyngbygaards,#N/A,#N/A,#N/A,#N/A,#N/A,#N/A,#N/A,0.936111111,#N/A,-0.035222222,#N/A,-3.8,#N/A,1,#N/A,-0.069163062
