UNIQUE_ID,Watershed,Waterbody,MLTYP_NAME,Lat,Long,NO3,TN
W0057,Quinebaug,Quinebaug River,River/Stream,42.02769615,-71.95951089,0.1,0.44
W0075,French,French River,River/Stream,42.0246995,-71.88418202,0.8813636363636363,1.1981818181818182
W0168,Ten Mile,Ten Mile River,River/Stream,42.01272012,-71.34763073,0.454,0.632
W0169,Ten Mile,Ten Mile River,River/Stream,41.97463265,-71.32957594,0.444,0.754
W0170,Ten Mile,Ten Mile River,River/Stream,41.96096078,-71.30757184,0.712,0.95
W0172,Ten Mile,Ten Mile River,River/Stream,41.93742221,-71.29026644,1.492,2
W0173,Ten Mile,Ten Mile River,River/Stream,41.91782609,-71.30583763,1.314,1.9
W0175,Ten Mile,Ten Mile River,River/Stream,41.89609284,-71.32576502,1.12,1.6600000000000001
W0176,Ten Mile,Ten Mile River,River/Stream,41.89026914,-71.34011441,2.692,3.6599999999999997
W0179,Ten Mile,Bungay River,River/Stream,41.95360395,-71.28005181,0.296,0.65
W0180,Ten Mile,Speedway Brook,River/Stream,41.92726089,-71.2852236,0.61,1.15
W0181,Ten Mile,Fourmile Brook,River/Stream,41.93648287,-71.32433494,0.124,0.392
W0182,Ten Mile,Sevenmile River,River/Stream,41.95117817,-71.34184089,0.64,0.84
W0183,Ten Mile,Sevenmile River,River/Stream,41.90125767,-71.3434294,0.6980000000000001,0.972
W0184,Ten Mile,Coles Brook,River/Stream,41.85773302,-71.32945548,0.21000000000000002,0.8225
W0293,Millers,Whetstone Brook,River/Stream,42.58708857,-72.35718789,0.029260869565217392,0.15816666666666668
W0317,Taunton,Nemasket River,River/Stream,41.9074391,-70.91495236,0.1348,0.42
W0318,Taunton,Nemasket River,River/Stream,41.92174924,-70.92351752,0.169,0.528
W0324,Concord (SuAsCo),Unnamed Tributary,River/Stream,42.45888846,-71.3973783,0.265,0.78
W0344,Buzzards Bay,Bread And Cheese Brook,River/Stream,41.63266048,-71.06038287,0.97,1.55875
W0384,Charles,Charles River,River/Stream,42.36514506,-71.1903328,0.44,0.908
W0406,Charles,Rock Meadow Brook,River/Stream,42.24980728,-71.22270212,0.18,0.488
W0407,Charles,Powissett Brook,River/Stream,42.25123356,-71.23970713,0.068,0.54
W0408,Charles,Trout Brook,River/Stream,42.25417326,-71.29337351,0.542,0.9420000000000001
W0409,Charles,Fuller Brook,River/Stream,42.28652324,-71.29384261,1.1,1.5
W0414,Charles,Charles River,River/Stream,42.14007115,-71.3896734,1.78,2.38
W0416,Charles,Dopping Brook,River/Stream,42.21553968,-71.40765942,0.395,0.885
W0423,Charles,Bogastow Brook,River/Stream,42.18829134,-71.36280624,0.2,0.785
W0475,Chicopee,Chicopee River,River/Stream,42.15037455,-72.60763627,0.18,0.54
W0480,Nashua,North Nashua River,River/Stream,42.5630966,-71.76875735,0.296,0.984
W0481,Nashua,North Nashua River,River/Stream,42.4951686,-71.72192464,1.824375,2.5620833333333333
W0482,Nashua,Nashua River,River/Stream,42.42997432,-71.67930013,0.23800000000000002,0.546
W0483,Nashua,Nashua River,River/Stream,42.44442786,-71.67186298,1.184,1.45
W0484,Nashua,Nashua River,River/Stream,42.49602094,-71.62643687,1.132,1.632
W0485,Nashua,Nashua River,River/Stream,42.66968673,-71.56776529,0.69875,1.0645833333333334
W0487,Nashua,Squannacook River,River/Stream,42.62094186,-71.64380951,0.306,0.5493333333333333
W0488,Nashua,Nashua River,River/Stream,42.57812405,-71.60976926,0.778,1.192
W0490,Chicopee,Sevenmile River,River/Stream,42.26477944,-72.00491606,0.10466666666666667,0.34933333333333333
W0491,Chicopee,Quaboag River,River/Stream,42.18142994,-72.26354268,0.1476086956521739,0.49
W0492,Chicopee,Ware River,River/Stream,42.23872578,-72.285755,0.23260869565217393,0.5328260869565218
W0493,Chicopee,Swift River,River/Stream,42.26797538,-72.33276108,0.02288888888888889,0.13464444444444446
W0494,Chicopee,Ware River,River/Stream,42.39121389,-72.0645552,0.03804347826086957,0.34829787234042553
W0495,Nashua,Nashua River/Pepperell Pond,Riverine Impoundment,42.66414966,-71.57700588,0.8200000000000001,1.175
W0496,Nashua,Nashua River,River/Stream,42.62647657,-71.59314962,0.8595652173913043,1.2333333333333334
W0497,Nashua,Nashua River,River/Stream,42.59474285,-71.59983315,1.19,1.5499999999999998
W0502,Blackstone,Middle River,River/Stream,42.2365576,-71.796679459999993,0.28200000000000003,0.69
W0505,Blackstone,Blackstone River,River/Stream,42.20292186,-71.77806924,1.202,4.5600000000000005
W0506,Blackstone,Blackstone River,River/Stream,42.1542015,-71.65266243,2.7,4.05
W0515,Blackstone,West River,River/Stream,42.1003609,-71.60111703,0.24767441860465117,0.6142857142857143
W0600,Quinebaug,Quinebaug River,River/Stream,42.02202663,-71.9543561,0.33404761904761904,0.628139534883721
W0601,Quinebaug,Quinebaug River,River/Stream,42.10956147,-72.11856925,0.059772727272727276,0.3054545454545455
W0602,French,French River,River/Stream,42.05094532,-71.88507359,0.2786046511627907,0.5832558139534884
W0603,Nashua,Fort Pond,Lake,42.52346976,-71.6880925,0.0475,0.8933333333333333
W0615,Quinebaug,Cady Brook,River/Stream,42.11947322,-72.00870444,1.8255813953488371,2.2276744186046513
W0679,Concord (SuAsCo),Concord River,River/Stream,42.63670884,-71.3017484,0.8941176470588235,1.38125
W0680,Blackstone,Blackstone River,River/Stream,42.22778189,-71.78735524,0.44608695652173913,0.8608888888888889
W0681,Nashua,Nashua River,River/Stream,42.44473811,-71.67198789,1.4127272727272728,1.7272727272727273
W0688,Blackstone,Blackstone River,River/Stream,42.02298331,-71.57206082,1.3166666666666667,2.0744444444444445
W0689,Blackstone,Quinsigamond River,River/Stream,42.23053792,-71.70809238,0.18555555555555556,0.5322727272727272
W0690,Millers,Millers River,River/Stream,42.59751119,-72.43783955,0.32222222222222224,0.6828888888888889
W0691,Millers,Otter River,River/Stream,42.58812535,-72.04099473,2.187173913043478,2.8666666666666667
W0692,Millers,Millers River,River/Stream,42.62969793,-72.15035652,0.42209302325581394,0.8640476190476191
W0693,Millers,Priest Brook,River/Stream,42.68279648,-72.11503734,0.025869565217391303,0.37066666666666664
W0694,Millers,Millers River,River/Stream,42.6723218,-72.09305542,0.17902439024390243,0.56325
W0695,Concord (SuAsCo),Assabet River,River/Stream,42.30485304,-71.62845076,3.497916666666667,4.35
W0696,Concord (SuAsCo),Sudbury River,River/Stream,42.32543468,-71.39736431,0.2989583333333333,0.626938775510204
W0697,Concord (SuAsCo),Assabet River,River/Stream,42.43206352,-71.44974106,1.2719565217391304,1.778888888888889
W0698,Concord (SuAsCo),Nashoba Brook,River/Stream,42.51227518,-71.40458554,0.595,1.3261363636363637
W0754,Buzzards Bay,White Island Pond,Lake,41.80999411,-70.62755574,0.02,0.5842553191489361
W0762,Buzzards Bay,White Island Pond,Lake,41.80918339,-70.61753091,0.02,0.7211320754716981
W0767,Blackstone,Blackstone River,River/Stream,42.153873,-71.65203977,1.562093023255814,2.802380952380952
W0776,Buzzards Bay,Wankinco River/Parker Mills Pond,Riverine Impoundment,41.77018529,-70.72205854,0.04,0.37
W0808,Westfield,Little River,River/Stream,42.11664658,-72.7336661,0.718,0.856
W0816,Taunton,Cedar Swamp River,River/Stream,41.81989559,-71.02717559,0.04,0.6920000000000001
W0821,Taunton,Threemile River,River/Stream,41.93332037,-71.15426672,0.424,1.7433333333333334
W0832,Concord (SuAsCo),Sudbury River,River/Stream,42.26764467,-71.55276363,0.18,0.7125
W0838,Concord (SuAsCo),Sudbury River,River/Stream,42.25849843,-71.45547229,0.3,0.6725
W0843,Concord (SuAsCo),Assabet River,River/Stream,42.46568803,-71.39143422,1.75,1.9500000000000002
W0844,Concord (SuAsCo),Sudbury River,River/Stream,42.45974876,-71.35935869,0.08499999999999999,0.74
W0847,Concord (SuAsCo),Sudbury River,River/Stream,42.39635089,-71.36467086,0.20500000000000002,0.745
W0849,Concord (SuAsCo),Hop Brook,River/Stream,42.35708626,-71.40313662,0.44,0.965
W0850,Concord (SuAsCo),Sudbury River,River/Stream,42.35926526,-71.36883338,0.21500000000000002,0.725
W0858,Taunton,Wading River,River/Stream,41.9471012,-71.1769499,0.177,0.5322222222222223
W0868,Taunton,Shumatuscacant River,River/Stream,42.05820916,-70.89995609,0.139,0.666
W0869,Taunton,Poor Meadow Brook,River/Stream,42.04238758,-70.89846196,0.14233333333333334,0.658
W0901,Ten Mile,Bungay River,River/Stream,41.95002381,-71.29133543,0.248,0.576
W0905,Ten Mile,Ten Mile River,River/Stream,42.00286304,-71.33840362,0.52,0.652
W0918,South Coastal,Second Herring Brook,River/Stream,42.16028331,-70.78863391,0.2925,0.88
W0926,Taunton,Monponsett Pond,Lake,42.00459582,-70.84525352,0.024,0.8340845070422536
W0940,Taunton,Ames Long Pond,Lake,42.07840473,-71.11554731,0.05,0.56
W0947,Taunton,Watson Pond,Lake,41.95142643,-71.11913351,0.04,0.24666666666666667
W0958,Ten Mile,Ten Mile River/Falls Pond,Riverine Impoundment,41.96889822,-71.32511071,0.10666666666666666,1.2833333333333334
W0970,Charles,Lake Pearl,Lake,42.06605001,-71.3520429,0.04,0.5583333333333333
W0993,Nashua,North Nashua River,River/Stream,42.53259005,-71.74028814,1.206,2.5
W1001,Nashua,Nashua River,River/Stream,42.55197544,-71.62097756,1.7,2.3499999999999996
W1017,Blackstone,Blackstone River,River/Stream,42.18086003,-71.73011265,1.144,4.42
W1018,Blackstone,Quinsigamond River,River/Stream,42.19910034,-71.69396462,0.088,0.466
W1023,Blackstone,Blackstone River,River/Stream,42.01664829,-71.5384768,1.3860000000000001,2.4
W1025,Blackstone,Mumford River,River/Stream,42.08439258,-71.69699739,0.188,0.498
W1050,Connecticut,Mill River,River/Stream,42.38639934,-72.5503928,0.73,0.882
W1051,Connecticut,Fort River,River/Stream,42.33278638,-72.57858317,0.28,0.47300000000000003
W1055,Connecticut,Lampson Brook,River/Stream,42.28189876,-72.42726497,0.712,2.082
W1061,Connecticut,Mill River,River/Stream,42.36655405,-72.60488814,0.402,0.656
W1063,Connecticut,Bloody Brook,River/Stream,42.47836238,-72.61893594,0.602,1.029
W1065,Connecticut,Manhan River,River/Stream,42.28349688,-72.64060074,0.478,0.9440000000000001
W1087,Mystic,Horn Pond,Lake,42.46963022,-71.15765018,0.075,1.458
W1092,South Coastal,Fresh Pond,Lake,41.90533067,-70.55598017,0.04,0.31833333333333336
W1093,South Coastal,Furnace Pond,Lake,42.05376314,-70.82255737,0.04,0.595
W1135,Charles,Charles River,River/Stream,42.11943443,-71.45344443,4.4,5.24
W1136,Charles,Charles River,River/Stream,42.13828143,-71.35867289,2.2600000000000002,3.02
W1137,Charles,Charles River,River/Stream,42.21006156,-71.35172497,1.522,2.3
W1138,Charles,Charles River,River/Stream,42.26439957,-71.32538186,0.924,1.56
W1139,Charles,Charles River,River/Stream,42.32584268,-71.25439259,0.314,0.8280000000000001
W1141,Charles,Charles River,River/Stream,42.25781415,-71.26256067,0.65,1.21
W1142,Charles,Beaver Brook,River/Stream,42.09620732,-71.47958751,0.808,1.19
W1143,Charles,Beaver Brook,River/Stream,42.39554541,-71.19710167,0.72,1.27
W1144,Charles,Beaver Brook,River/Stream,42.38300416,-71.2078492,0.504,1.12
W1147,Charles,Mine Brook,River/Stream,42.12453197,-71.43065489,0.06999999999999999,0.6
W1150,Charles,Stop River,River/Stream,42.12911182,-71.30503034,0.122,0.796
W1151,Charles,Stop River,River/Stream,42.15866554,-71.30280984,0.548,1.04
W1156,Charles,Rosemary Brook,River/Stream,42.31931329,-71.24624794,0.8059999999999999,1.3679999999999999
W1157,Charles,Stony Brook,River/Stream,42.36795531,-71.27033164,0.29400000000000004,0.622
W1226,Mystic,Wedge Pond,Lake,42.45289418,-71.14158508,0.0659,1.538
W1237,Cape Cod,Hinckleys Pond,Lake,41.71377641,-70.09062853,0.04,0.8025
W1240,Blackstone,Blackstone River,River/Stream,42.20864325,-71.78210772,0.366,0.892
W1241,Blackstone,Blackstone River,River/Stream,42.18223431,-71.70488014,1.686,4.3
W1242,Blackstone,Blackstone River,River/Stream,42.17728889,-71.68788468,1.428,3.1999999999999997
W1243,Blackstone,Blackstone River,River/Stream,42.17384662,-71.68057473,1.478,3.18
W1244,Blackstone,Blackstone River,River/Stream,42.12965013,-71.63645321,1.6320000000000001,3.4
W1246,Blackstone,Blackstone River,River/Stream,42.07985489,-71.61966359,1.7120000000000002,3.2199999999999998
W1255,Blackstone,Blackstone River,River/Stream,42.20640574,-71.78097604,1.57,5.88
W1256,Blackstone,Blackstone River,River/Stream,42.20595608,-71.78074977,0.4,2.2
W1308,Cape Cod,Mashpee Pond,Lake,41.65691189,-70.48391147,0.04,0.6116666666666667
W1362,Deerfield,Chapel Brook,River/Stream,42.4841721,-72.7542118,0.07815384615384616,0.22833333333333333
W1449,Westfield,Wards Stream,River/Stream,42.41095836,-72.93953408,0.22,0.4275
W1458,Westfield,Sanderson Brook,River/Stream,42.25418274,-72.94869942,0.08793103448275862,0.15726666666666667
W1463,Westfield,Westfield River,River/Stream,42.13083697,-72.75434911,0.158,0.33444444444444443
W1464,Westfield,Westfield River,River/Stream,42.11652506,-72.72435552,0.506,0.6336363636363637
W1468,Concord (SuAsCo),Assabet River,River/Stream,42.27406018,-71.63224204,0.395,0.63
W1469,Concord (SuAsCo),Assabet River,River/Stream,42.28350805,-71.63858701,4.15,4.7
W1470,Concord (SuAsCo),Assabet River,River/Stream,42.32036993,-71.63553499,2.55,2.9250000000000003
W1471,Concord (SuAsCo),Assabet River,River/Stream,42.32949677,-71.63006336,2.3,2.625
W1472,Concord (SuAsCo),Assabet River,River/Stream,42.34151216,-71.61641,1.8,2.05
W1473,Concord (SuAsCo),Assabet River,River/Stream,42.3465007,-71.61460331,2.6,2.925
W1474,Concord (SuAsCo),Assabet River,River/Stream,42.38030934,-71.58613633,2.2,2.525
W1475,Concord (SuAsCo),Assabet River,River/Stream,42.39979789,-71.54598569,2.45,2.425
W1476,Concord (SuAsCo),Assabet River,River/Stream,42.40462155,-71.52654108,3.55,3.2
W1477,Concord (SuAsCo),Assabet River,River/Stream,42.41163442,-71.50844219,2.5,2.5
W1478,Concord (SuAsCo),Assabet River,River/Stream,42.4231785,-71.474721829999993,2.5,2.35
W1479,Concord (SuAsCo),Assabet River,River/Stream,42.44086923,-71.42935628,2.25,2.275
W1480,Concord (SuAsCo),Sudbury River,River/Stream,42.3386459,-71.39498427,0.225,0.765
W1481,Concord (SuAsCo),Sudbury River,River/Stream,42.44111379,-71.36805603,0.12000000000000001,0.84
W1482,Concord (SuAsCo),Concord River,River/Stream,42.47116456,-71.34989446,0.99,1.35
W1483,Concord (SuAsCo),Concord River,River/Stream,42.50902782,-71.31411783,0.88,1.425
W1484,Concord (SuAsCo),Concord River,River/Stream,42.53488992,-71.29952957,0.86,1.4
W1485,Concord (SuAsCo),Concord River,River/Stream,42.55747509,-71.28252509,0.64,1.2999999999999998
W1486,Concord (SuAsCo),Concord River,River/Stream,42.58482438,-71.28718593,0.59,1.2
W1487,Concord (SuAsCo),Concord River,River/Stream,42.64172611,-71.30284563,0.7384615384615385,1.2973333333333332
W1488,Concord (SuAsCo),River Meadow Brook,River/Stream,42.57826214,-71.33253012,0.02,0.7475
W1489,Concord (SuAsCo),River Meadow Brook,River/Stream,42.63380122,-71.30119731,0.52,1.04
W1490,Taunton,Salisbury Brook,River/Stream,42.07936711,-71.01406198,0.6,1.1422222222222222
W1493,Taunton,Trout Brook,River/Stream,42.07964645,-71.00930657,0.792,1.531111111111111
W1494,Taunton,Salisbury Plain River,River/Stream,42.05376462,-71.00977821,0.754,1.458888888888889
W1495,Taunton,Salisbury Plain River,River/Stream,42.03776122,-70.98465422,1.308,4.355555555555555
W1497,Taunton,Beaver Brook,River/Stream,42.04550631,-70.97074029,0.7,1.22
W1498,Taunton,Meadow Brook,River/Stream,42.03148922,-70.96656207,0.55,1.22
W1499,Taunton,Satucket River,River/Stream,42.02160209,-70.9505329,0.35,0.9011111111111111
W1501,Taunton,Matfield River,River/Stream,41.99937253,-70.93768479,1.224,3.2555555555555555
W1503,Taunton,Taunton River,River/Stream,41.93629311,-70.98734776,0.552,1.4177777777777778
W1504,Taunton,Taunton River,River/Stream,41.88611169,-71.02994049,0.496,1.3377777777777777
W1508,Taunton,Threemile River,River/Stream,41.88590512,-71.13411655,0.384,1.3333333333333333
W1577,Ten Mile,Ten Mile River,River/Stream,41.95326227,-71.30781311,0.68,1.5
W1579,Connecticut,Mill River,River/Stream,42.45655696,-72.63699267,0.108,0.308
W1580,Ten Mile,Scotts Brook,River/Stream,41.98856171,-71.3474734,0.35000000000000003,0.7125
W1581,Ten Mile,Scotts Brook,River/Stream,41.97762993,-71.33453815,0.43333333333333335,0.7766666666666667
W1582,Charles,Unnamed Tributary,River/Stream,42.30510355,-71.3252761,0.486,0.8260000000000001
W1583,Charles,Chicken Brook,River/Stream,42.15140376,-71.42713966,0.17,0.656
W1584,Charles,Hopping Brook,River/Stream,42.13445842,-71.44602039,0.35,0.836
W1585,Charles,Godfrey Brook,River/Stream,42.13103033,-71.5155242,1.038,1.36
W1586,Charles,Mill Brook,River/Stream,42.19598069,-71.33022096,1.1039999999999999,1.452
W1587,Charles,Unnamed Tributary,River/Stream,42.25505525,-71.33009248,0.33,0.774
W1588,Charles,Mine Brook,River/Stream,42.09047755,-71.43283604,0.266,0.592
W1589,Charles,Dopping Brook,River/Stream,42.22237155,-71.40927393,0.46,0.995
W1590,Charles,Seaverns Brook,River/Stream,42.34154459,-71.26662505,1.9,2.25
W1592,Charles,Charles River,River/Stream,42.17383927,-71.50839357,0.17,1.2149999999999999
W1595,Ten Mile,Ten Mile River,River/Stream,41.95661339,-71.30844976,3.425,4.35
W1596,Blackstone,Blackstone River,River/Stream,42.02194765,-71.56822441,1.5,1.95
W1600,Buzzards Bay,White Island Pond,Other-Surface Water,41.81882453,-70.61444757,0.03,1.1400000000000001
W1601,Buzzards Bay,White Island Pond,Other-Surface Water,41.81963769,-70.61803486,0.02,0.165
W1716,Charles,Stop River,River/Stream,42.17245221,-71.31726139,0.5,1.1
W1717,Chicopee,Ware River,River/Stream,42.34007232,-72.15953425,0.17,0.502
W1754,Chicopee,Quaboag River,River/Stream,42.21273236,-72.22875627,0.08,0.414
W1757,Chicopee,Hop Brook,River/Stream,42.46999426,-72.32259937,0.057999999999999996,0.3
W1763,Blackstone,Blackstone River,River/Stream,42.19289465,-71.75182267,1.266,3.9
W1764,Blackstone,Blackstone River,River/Stream,42.13913312,-71.63971462,1.584,3.3
W1765,Blackstone,Blackstone River,River/Stream,42.05495698,-71.61629976,1.458,2.6
W1766,Blackstone,Blackstone River,River/Stream,42.01686344,-71.54548172,1.52,2.74
W1767,Blackstone,Singletary Brook,River/Stream,42.18277682,-71.76604587,0.194,0.536
W1768,Blackstone,Cold Spring Brook,River/Stream,42.07884462,-71.65065318,0.194,0.59
W1769,Blackstone,Cronin Brook,River/Stream,42.18498134,-71.71206258,0.506,0.964
W1770,Blackstone,Unnamed Tributary,River/Stream,41.99661131,-71.55765871,0.178,0.508
W1771,Blackstone,Mill River,River/Stream,42.01238549,-71.51035869,0.506,0.926
W1772,Blackstone,Peters River,River/Stream,42.01550267,-71.49304478,0.64,1.11
W1778,Connecticut,Fall River,River/Stream,42.62272904,-72.54970791,0.426,0.504
W1779,Blackstone,Blackstone River,River/Stream,42.0977551,-71.62256481,1.688,3.3000000000000003
W1780,Nashua,North Nashua River,River/Stream,42.57574839,-71.83355874,0.166,1.206
W1781,Nashua,North Nashua River,River/Stream,42.45138358,-71.67387723,1.354,2.14
W1782,Connecticut,Fall River,River/Stream,42.62058327,-72.54988746,0.5599999999999999,0.622
W1786,Connecticut,Mill River,River/Stream,42.0941279,-72.56911519,0.37679999999999997,0.9430000000000001
W1792,Connecticut,Stony Brook,River/Stream,42.24704007,-72.58037808,0.23600000000000002,0.635
W1794,Connecticut,Longmeadow Brook,River/Stream,42.03629979,-72.58362237,1.18,1.37
W1796,Connecticut,Mill River,River/Stream,42.31899322,-72.66514075,0.314,0.45
W1805,Connecticut,Unnamed Tributary,River/Stream,42.34968275,-72.431373,0.088,0.378
W1806,Nashua,Nashua River,River/Stream,42.71283339,-71.54870868,0.616,0.962
W1828,Chicopee,Unnamed Tributary,River/Stream,42.40886407,-71.98179294,0.042,0.316
W1864,Chicopee,Kings Brook,River/Stream,42.16171173,-72.26845965,0.076,0.2723076923076923
W1880,Connecticut,Scantic River,River/Stream,42.04351371,-72.45647808,0.54,0.716
W1883,Connecticut,Cranberry Pond Brook,River/Stream,42.50677372,-72.5270761,0.05,0.3
W1887,Connecticut,Unnamed Tributary,River/Stream,42.2636059,-72.70605094,0.214,0.346
W1892,Chicopee,Muddy Brook,River/Stream,42.36091839,-72.23011415,0.048,0.516
W1893,Blackstone,Unnamed Tributary,Other-Surface Water,42.20541014,-71.78775079,0.465,0.735
W1898,Blackstone,Blackstone River,River/Stream,42.02271855,-71.570541360000007,1.1875757575757575,1.8896969696969697
W1899,Buzzards Bay,Ezekiel Pond,Lake,41.80715897,-70.61210594,0.02,0.24
W1900,Chicopee,Roaring Brook,River/Stream,42.25040334,-72.42653878,0.17400000000000002,0.546
W1902,Blackstone,Blackstone River,Facility Municipal Sewage (POTW),42.21289966,-71.78524102,3.775,11.375
W1903,Blackstone,Unnamed Tributary,Other-Surface Water,42.21303845,-71.78525885,2.18,10.575
W1904,Ten Mile,Unnamed Tributary,River/Stream,41.92703603,-71.28535834,1.478,1.88
W1989,Connecticut,Elmer Brook,River/Stream,42.27962685,-72.58673039,0.6155555555555555,0.737
W2020,Chicopee,East Branch Fever Brook,River/Stream,42.48792791,-72.21647477,0.02,0.35
W2021,Chicopee,West Branch Fever Brook,River/Stream,42.46843526,-72.25884802,0.02,0.26666666666666666
W2022,Chicopee,East Branch Fever Brook,River/Stream,42.46258282,-72.24561712,0.02,0.25666666666666665
W2023,Chicopee,Unnamed Tributary,River/Stream,42.49092717,-72.17095628,0.12333333333333334,0.39666666666666667
W2024,Chicopee,Moccasin Brook,River/Stream,42.47162474,-72.16210768,0.049999999999999996,0.4633333333333333
W2025,Chicopee,East Branch Swift River,River/Stream,42.43816198,-72.20732375,0.026666666666666665,0.3233333333333333
W2041,Chicopee,Unnamed Tributary,River/Stream,42.27317372,-71.9749944,0.068,0.34
W2054,Chicopee,Unnamed Tributary,River/Stream,42.29088748,-72.33717325,0.02,0.23500000000000001
W2070,Nashua,Nashua River,River/Stream,42.54690674,-71.62936149,1.1,1.4
W2081,Connecticut,Unnamed Tributary,River/Stream,42.07983422,-72.56556396,0.622,0.9480000000000001
W2083,Connecticut,West Branch Mill River,River/Stream,42.42257737,-72.76956339,0.08800000000000001,0.19
W2088,Connecticut,Mountain Brook,River/Stream,42.44431744,-72.48987633,0.026,0.0828
W2097,Neponset,Ponkapoag Pond,Lake,42.19218292,-71.09296807,0.04,0.36166666666666664
W2163,Connecticut,North Branch Manhan River,River/Stream,42.28135393,-72.72939605,0.55,0.676
W2164,Chicopee,Ware River,River/Stream,42.2354613,-72.27899479,0.256,0.568
W2165,Chicopee,Quaboag River,River/Stream,42.22337829,-72.17965076,0.024,0.422
W2166,Chicopee,Coys Brook,River/Stream,42.26215141,-72.10659989,0.154,0.428
W2177,Millers,Mahoney Brook,River/Stream,42.56670939,-71.95196358,0.068,0.958
W2178,Nashua,Unnamed Tributary,River/Stream,42.58657345,-71.8162291,0.23500000000000001,0.345
W2179,Ten Mile,Sevenmile River,River/Stream,41.91786565,-71.35216051,0.3,0.616
W2180,Nashua,Monoosnoc Brook,River/Stream,42.52661784,-71.75691548,0.266,0.516
W2181,Blackstone,Dark Brook,River/Stream,42.20291112,-71.85617251,0.082,0.418
W2182,Blackstone,Mumford River,River/Stream,42.09310671,-71.73709013,0.05,0.296
W2183,Millers,West Gulf Brook,River/Stream,42.62531983,-72.19502942,0.04,0.256
W2184,Quinebaug,Breakneck Brook,River/Stream,42.04216137,-72.09714696,0.028,0.27999999999999997
W2185,Blackstone,Unnamed Tributary,River/Stream,42.32657968,-71.86537248,0.09999999999999999,0.388
W2186,Nashua,Catacoonamug Brook,River/Stream,42.55308278,-71.66947411,0.066,0.542
W2187,French,Unnamed Tributary,River/Stream,42.10454751,-71.92879763,0.038,0.42
W2188,Blackstone,Quinsigamond River,River/Stream,42.20836571,-71.69757011,0.06,0.742
W2189,Quinebaug,Cady Brook,River/Stream,42.07674201,-72.02541007,0.872,1.258
W2190,Nashua,Whitman River,River/Stream,42.55979904,-71.86605175,0.084,0.34600000000000003
W2191,Quinebaug,Stevens Brook,River/Stream,42.05772637,-72.18751776,0.036000000000000004,0.326
W2192,Blackstone,Peters River,River/Stream,42.02755221,-71.48301448,0.342,0.748
W2193,Millers,Jacks Brook,River/Stream,42.61497981,-72.40184008,0.064,0.1298
W2194,Nashua,Whitman River,River/Stream,42.58213165,-71.90260492,0.054,0.38
W2195,Millers,Unnamed Tributary,River/Stream,42.67731084,-71.9407684,0.030000000000000002,0.402
W2196,Nashua,Spectacle Brook,River/Stream,42.51052037,-71.68941303,0.04,0.23
W2197,Millers,West Branch Tully River,River/Stream,42.64253866,-72.2573654,0.02,0.21
W2198,Quinebaug,West Brook,River/Stream,42.12335485,-72.20669311,0.05,0.46
W2199,Millers,Ellinwood Brook,River/Stream,42.55623608,-72.23102678,0.10200000000000001,0.454
W2200,Nashua,North Nashua River,River/Stream,42.57871152,-71.82995728,0.10200000000000001,0.386
W2201,French,Little River,River/Stream,42.16426655,-71.9488559,0.092,0.56
W2202,Millers,North Pond Brook,River/Stream,42.58178925,-72.32696346,0.066,0.152
W2203,Blackstone,Middle River,River/Stream,42.23909491,-71.8258417,0.218,0.616
W2205,Nashua,Bowers Brook,River/Stream,42.53192718,-71.57910918,0.026000000000000002,0.42400000000000004
W2206,Quinebaug,Unnamed Tributary,River/Stream,42.13693403,-72.10313327,0.048,0.518
W2207,Blackstone,Bacon Brook,River/Stream,42.02932229,-71.60542161,0.22,0.482
W2208,Blackstone,Kettle Brook,River/Stream,42.23359373,-71.8557513,0.226,0.504
W2209,Nashua,Unnamed Tributary,River/Stream,42.59040888,-71.86334389,0.114,0.718
W2210,Ten Mile,Ten Mile River,River/Stream,41.89640012,-71.33321453,0.842,1.34
W2211,Millers,Millers River,River/Stream,42.6674075,-72.00414064,0.02,0.53
W2212,Nashua,Wekepeke Brook,River/Stream,42.47692289,-71.72378538,0.298,0.518
W2213,French,Wellington Brook,River/Stream,42.1427144,-71.86184525,0.332,0.67
W2214,Quinebaug,Hatchet Brook,River/Stream,42.06151141,-72.06454171,0.134,0.366
W2215,Millers,Stockwell Brook,River/Stream,42.65715091,-72.13290955,0.02,0.886
W2216,Nashua,Smith Brook,River/Stream,42.5334948,-71.90277886,0.02,0.0955
W2217,Quinebaug,Unnamed Tributary,River/Stream,42.1400961,-71.99849063,0.03,0.37
W2218,Chicopee,West Branch Swift River,River/Stream,42.46470593,-72.38454489,0.036086956521739134,0.18641666666666667
W2219,Connecticut,Broad Brook,River/Stream,42.25020895,-72.65892694,1.072,1.24
W2220,Quinebaug,Browns Brook,River/Stream,42.03481475,-72.16158627,0.05335,0.3385
W2221,Quinebaug,Rocky Brook,River/Stream,42.01994053,-71.79434419,0.02,0.3433333333333333
W2222,Deerfield,Cold River,River/Stream,42.63256876,-72.97439535,0.100875,0.21066666666666667
W2223,Westfield,Pond Brook,River/Stream,42.16782704,-72.94935172,0.04818181818181819,0.325
W2224,Blackstone,Unnamed Tributary,River/Stream,42.07471082,-71.79151291,0.02,0.17866666666666667
W2225,Connecticut,Scantic River,River/Stream,42.0627483,-72.40559074,0.1442857142857143,0.32
W2226,Nashua,Trout Brook,River/Stream,42.38381603,-71.83775116,0.10633333333333334,0.5683333333333334
W2227,Concord (SuAsCo),Concord River,River/Stream,42.63595037,-71.30148697,0.7678571428571429,1.2706666666666666
W2243,Westfield,Billings Brook,River/Stream,42.54141177,-72.88420012,0.166,0.298
W2244,Deerfield,West Branch North River,River/Stream,42.67416852,-72.73352769,0.098,0.156
W2245,Housatonic,Smith Brook,River/Stream,42.45191218,-73.30161974,0.04,0.28400000000000003
W2246,Westfield,West Branch,River/Stream,42.40624326,-72.88766468,0.14600000000000002,0.216
W2247,Westfield,West Branch Westfield River,River/Stream,42.23747744,-72.8853956,0.058,0.20400000000000001
W2248,Deerfield,Green River,River/Stream,42.59824776,-72.61591962,0.13,0.21
W2249,Housatonic,Hop Brook,River/Stream,42.25259045,-73.21962782,0.08600000000000001,0.304
W2250,Farmington,Slocum Brook,River/Stream,42.04759931,-73.01699669,0.174,0.566
W2251,Deerfield,Cold River,River/Stream,42.63919882,-72.93808435,0.1,0.186
W2252,Housatonic,West Brook,River/Stream,42.24776313,-73.28034588,0.04777777777777778,0.26
W2253,Deerfield,Unnamed Tributary,River/Stream,42.51152705,-72.80105071,0.258,0.422
W2254,Westfield,West Branch Westfield River,River/Stream,42.30598204,-73.0114712,0.06,0.21
W2255,Deerfield,East Branch North River,River/Stream,42.73205357,-72.71945734,0.052000000000000005,0.166
W2256,Kinderhook,Kinderhook Creek,River/Stream,42.54503215,-73.31275339,0.764,0.798
W2257,Westfield,Pond Brook,River/Stream,42.16952122,-72.9736829,0.060000000000000005,0.278
W2258,Housatonic,East Branch Housatonic River,River/Stream,42.47391986,-73.1412082,0.148,0.398
W2259,Farmington,Clam River,River/Stream,42.15946034,-73.12792409,0.098,0.338
W2260,Deerfield,South River,River/Stream,42.50830194,-72.69870678,0.20199999999999999,0.27999999999999997
W2261,Hoosic,Hoosic River,River/Stream,42.66954163,-73.10371096,0.656,0.858
W2262,Westfield,Middle Branch Westfield River,River/Stream,42.40226973,-72.9795908,0.078,0.232
W2263,Deerfield,East Glen Brook,River/Stream,42.6732761,-72.61264226,0.33799999999999997,0.38
W2264,Westfield,Munn Brook,River/Stream,42.09976917,-72.80864416,0.356,0.568
W2265,Hoosic,Green River,River/Stream,42.70289803,-73.20019809,0.198,0.282
W2266,Housatonic,Beartown Brook,River/Stream,42.27211249,-73.27397995,0.162,0.23800000000000002
W2267,Housatonic,Umpachene River,River/Stream,42.11380288,-73.23231291,0.242,0.35200000000000004
W2268,Hoosic,Hoosic River,River/Stream,42.66112647,-73.10381096,0.716,0.91
W2269,Westfield,Westfield River,River/Stream,42.55160608,-73.01460875,0.1,0.28
W2270,Westfield,Middle Branch Westfield River,River/Stream,42.26068784,-72.878683,0.024,0.146
W2271,Westfield,Webster Brook,River/Stream,42.3820888,-72.81255079,0.034,0.348
W2272,Housatonic,Cone Brook,River/Stream,42.3572088,-73.35414315,0.14600000000000002,0.3
W2273,Westfield,Westfield River,River/Stream,42.45247321,-72.87827159,0.088,0.248
W2274,Farmington,Thomas Brook,River/Stream,42.24539082,-73.11391881,0.07,0.408
W2275,Deerfield,Hinsdale Brook,River/Stream,42.62826823,-72.64485764,0.258,0.304
W2276,Westfield,Great Brook,River/Stream,42.08621595,-72.72793165,1.1219999999999999,1.48
W2277,Deerfield,North River,River/Stream,42.63908097,-72.72437309,0.11,0.394
W2278,Hoosic,Hopper Brook,River/Stream,42.65789498,-73.20166842,0.406,0.436
W2279,Connecticut,Unnamed Tributary,River/Stream,42.55506751,-72.55825658,0.114,0.234
W2280,Bashbish,Bashbish Brook,River/Stream,42.10614,-73.48299,0.16210526315789472,0.20905
W2281,Housatonic,Yokun Brook,River/Stream,42.38348515,-73.25737865,0.06,0.25
W2282,Deerfield,Thorne Brook,River/Stream,42.71492884,-72.6693994,0.10058823529411764,0.19294117647058823
W2283,Westfield,Factory Brook,River/Stream,42.32000999,-73.02774999,0.06635294117647059,0.24166666666666667
W2284,Blackstone,Emerson Brook,River/Stream,42.04638466,-71.6301536,0.1,0.31047619047619046
W2285,Westfield,Westfield River,Facility Municipal Sewage (POTW),42.11661659,-72.73041878,10.26,11.18
W2286,Deerfield,Dunbar Brook,River/Stream,42.70347188,-72.95887989,0.09623809523809523,0.19833333333333333
W2287,Millers,East Branch Tully River,River/Stream,42.69539254,-72.22718449,0.027,0.30238095238095236
W2288,Westfield,Westfield River,River/Stream,42.15510819,-72.81341348,0.078,0.262
W2289,Westfield,Westfield River,River/Stream,42.12010243,-72.7334767,0.164,0.378
W2290,Connecticut,Unnamed Tributary,River/Stream,42.04079295,-72.48489555,0.784,1.138
W2291,Housatonic,Yokun Brook,River/Stream,42.38648751,-73.25940756,0.09466666666666666,0.26181818181818184
W2298,Hoosic,East Branch Green River,River/Stream,42.62731387,-73.22431951,0.1,0.138
W2314,South Coastal,Tussock Brook,River/Stream,42.00395502,-70.72215618,0.06999999999999999,0.5449999999999999
W2315,South Coastal,Halls Brook,River/Stream,41.99860448,-70.73007,0.03,0.65
W2316,South Coastal,Halls Brook,River/Stream,41.99977266,-70.72579815,0.03,0.765
W2318,South Coastal,Jones River,River/Stream,41.99609561,-70.72311164,0.55,0.89
W2319,South Coastal,Smelt Brook,River/Stream,41.98783357,-70.70786751,0.48000000000000004,0.765
W2320,South Coastal,Halls Brook,River/Stream,41.9979183,-70.72218147,0.04,0.78
W2321,South Coastal,Jones River,River/Stream,41.99717794,-70.72120689,0.26,0.88
W2323,South Coastal,Unnamed Tributary,River/Stream,41.98654008,-70.69885818,0.43,0.65
W2324,Chicopee,Unnamed Tributary,River/Stream,42.44207131,-72.36869256,0.084,0.426
W2350,Chicopee,Chicopee Brook,River/Stream,42.09324205,-72.31183457,0.228,0.408
W2372,Taunton,Mill River,River/Stream,41.90037801,-71.09399859,0.1616,0.612
W2373,Taunton,Wading River,River/Stream,41.95255141,-71.22476066,0.2725,0.5660000000000001
W2374,Buzzards Bay,Doggett Brook,River/Stream,41.72789933,-70.79814166,0.10250000000000001,0.788
W2375,Taunton,Satucket River,River/Stream,42.0184717,-70.92252609,0.27,0.842
W2376,Mount Hope Bay (Shore),Kickamuit River,River/Stream,41.74470234,-71.2482622,1.5266666666666666,2.375
W2377,Taunton,Rumford River,River/Stream,42.06112594,-71.2165861,0.31,0.66
W2378,Taunton,Salisbury Brook,River/Stream,42.08257418,-71.03007602,0.6,0.974
W2379,Taunton,Puddingshear Brook,River/Stream,41.90743834,-70.97991603,0.456,0.876
W2380,Narragansett Bay (Shore),Palmer River,River/Stream,41.84611359,-71.2625509,0.302,0.798
W2381,Taunton,Hockomock River,River/Stream,41.98836801,-71.03545292,0.30333333333333334,0.7375
W2382,Taunton,Fall Brook,River/Stream,41.75570188,-70.9831251,0.02666666666666667,0.5825
W2383,Narragansett Bay (Shore),Clear Run Brook,River/Stream,41.80069261,-71.30434109,1.2866666666666666,2.45
W2384,Taunton,Hockomock River,River/Stream,42.01558538,-71.05266156,0.6325,0.902
W2385,Neponset,Pine Tree Brook,River/Stream,42.24343046,-71.09437763,0.22,0.72
W2386,Taunton,Shumatuscacant River,River/Stream,42.06811651,-70.91424154,0.2575,0.6900000000000001
W2387,Mount Hope Bay (Shore),Cole River,River/Stream,41.7773089,-71.19253246,0.13333333333333333,1.2
W2388,Buzzards Bay,Mattapoisett River,River/Stream,41.67967123,-70.84082513,0.1825,0.812
W2389,Taunton,Mill River,River/Stream,41.9093812,-71.0981243,0.13,0.6
W2390,Mystic,Unnamed Tributary,River/Stream,42.49511888,-71.1361368,0.62,0.89
W2391,Cape Cod,Santuit River,River/Stream,41.64357833,-70.45336867,0.13999999999999999,0.85
W2392,Cape Cod,Herring River,River/Stream,41.70289295,-70.10477526,0.1875,0.426
W2393,Taunton,Unnamed Tributary,River/Stream,41.98949513,-71.1737167,0.6175,1.038
W2394,Buzzards Bay,Unnamed Tributary,River/Stream,41.64180645,-71.0764565,1,2.525
W2395,Weymouth & Weir,Weir River,River/Stream,42.2422342,-70.85910564,0.6333333333333333,1.1225
W2396,Taunton,Nemasket River,River/Stream,41.8814227,-70.90942651,0.028,0.428
W2397,Buzzards Bay,Mattapoisett River,River/Stream,41.72740826,-70.85635593,0.2125,0.716
W2398,Narragansett Bay (Shore),East Branch (Palmer River),River/Stream,41.8647818,-71.22918554,0.134,0.77
W2399,South Coastal,Pudding Brook,River/Stream,42.08658274,-70.75694672,0.49333333333333335,0.8475
W2400,Taunton,Pine Swamp Brook,River/Stream,41.9325177,-71.07757733,0.278,1.1139999999999999
W2401,Mystic,Mill Brook,River/Stream,42.42130109,-71.16909401,0.7,1.35
W2402,Taunton,Rumford River,River/Stream,42.00502696,-71.21344675,0.49777777777777776,0.802
W2403,Weymouth & Weir,Accord Brook,River/Stream,42.19947614,-70.86206928,0.6,1.475
W2404,Buzzards Bay,Paskamanset River,River/Stream,41.63338435,-70.98602228,0.19,1.165
W2405,Taunton,Town River,River/Stream,41.99746222,-70.95386851,1.1222222222222222,1.8599999999999999
W2406,Taunton,Salisbury Plain River,River/Stream,42.0754278,-71.00963849,1.1425,1.44
W2407,Taunton,Wading River,River/Stream,41.94945845,-71.17552595,0.18,0.5800000000000001
W2408,Narragansett Bay (Shore),Runnins River,River/Stream,41.83058753,-71.32993703,0.2825,1.02
W2409,Nashua,Mason Brook,River/Stream,42.706137,-71.751964,0.055714285714285716,0.25
W2410,Nashua,Pearl Hill Brook,River/Stream,42.664623,-71.753811,0.09729411764705882,0.2515
W2411,Buzzards Bay,West Branch Westport River,River/Stream,41.562812,-71.133855,0.1483846153846154,0.8621428571428572
W2412,Taunton,Rattlesnake Brook,River/Stream,41.77444,-71.08528,0.02,0.4075
W2413,Blackstone,Round Top Brook,River/Stream,42.00792,-71.70506,0.14570588235294119,0.3563157894736842
W2414,Deerfield,Green River,River/Stream,42.71500304,-72.66972243,0.05761538461538462,0.26323076923076927
W2415,Westfield,West Branch Westfield River,River/Stream,42.30007646,-72.98439297,0.16,0.29
W2453,Connecticut,Pond Brook,River/Stream,42.55286755,-72.51950306,0.022,0.1482
W2454,Connecticut,Unnamed Tributary,River/Stream,42.33802189,-72.55536786,0.45,1.8900000000000001
W2455,Chicopee,Unnamed Tributary,River/Stream,42.2526325,-72.05643235,0.12,0.34400000000000003
W2456,Chicopee,West Branch Fever Brook,River/Stream,42.47216953,-72.25680238,0.034,0.36
W2457,Chicopee,Vinica Brook,River/Stream,42.05933009,-72.27160475,0.12,0.33399999999999996
W2458,Connecticut,Unnamed Tributary,River/Stream,42.0373016,-72.69990551,0.926,1.3
W2459,Chicopee,Unnamed Tributary,River/Stream,42.2036239,-72.00426939,0.022,0.668
W2460,Connecticut,Tucker Brook,River/Stream,42.26076443,-72.81803592,0.03,0.40249999999999997
W2461,Connecticut,Long Plain Brook,River/Stream,42.47653586,-72.51860357,0.128,0.192
W2462,Chicopee,Purgee Brook,River/Stream,42.38732571,-72.37351445,0.072,0.1814
W2463,Connecticut,Bachelor Brook,River/Stream,42.27003392,-72.594205,0.19,0.544
W2466,Taunton,Rattlesnake Brook,River/Stream,41.77254787,-71.08494839,0.03314285714285714,0.36875
W2506,Ipswich,Ipswich River,River/Stream,42.616929,-70.9964121,0.09,0.718
W2507,Concord (SuAsCo),River Meadow Brook,River/Stream,42.5943564,-71.3406697,0.1318,0.8119999999999999
W2508,Concord (SuAsCo),Cold Spring Brook,River/Stream,42.2247791,-71.4776709,0.246,0.904
W2509,Charles,Charles River,River/Stream,42.1049813,-71.4584048,1.78,2.54
W2510,Merrimack,Beaver Brook,River/Stream,42.6718435,-71.3444481,0.276,0.77
W2511,Concord (SuAsCo),Assabet Brook,River/Stream,42.4276412,-71.4854492,0.246,0.592
W2512,Merrimack,Powwow River,River/Stream,42.8659286,-70.9615914,0.044,0.538
W2513,Concord (SuAsCo),Whitehall Brook,River/Stream,42.2532139,-71.56727,0.156,0.65
W2514,Charles,Hurd Brook,River/Stream,42.3049376,-71.2338344,2.126,2.38
W2515,Ipswich,Ipswich River,River/Stream,42.5790278,-70.9915364,0.094,0.62
W2516,Merrimack,Stony Brook,River/Stream,42.6253944,-71.3890868,0.306,0.7000000000000001
W2517,Parker,Jackman Brook,River/Stream,42.7350352,-70.9427296,1.94,2.56
W2518,Charles,Beaver Brook,River/Stream,42.3900984,-71.1967182,0.336,0.948
W2519,North Coastal,Saugus River,River/Stream,42.4958058,-71.0387409,0.244,0.858
W2520,Concord (SuAsCo),Broad Meadow Brook,River/Stream,42.347696,-71.5179405,0.114,0.536
W2521,Ipswich,Fish Brook,River/Stream,42.6339232,-70.9747374,0.224,0.794
W2522,Shawsheen,Vine Brook,River/Stream,42.5017852,-71.2407158,0.037,0.494
W2523,Shawsheen,Shawsheen River,River/Stream,42.6971169,-71.1439954,0.318,0.982
W2524,Concord (SuAsCo),Unnamed Tributary,River/Stream,42.4768312,-71.5654205,0.17,0.405
W2525,Concord (SuAsCo),Great Brook,River/Stream,42.4356962,-71.5704097,0.096,0.404
W2526,Ipswich,Ipswich River,River/Stream,42.5718288,-71.0962545,0.094,0.804
W2527,Concord (SuAsCo),Nashoba Brook,River/Stream,42.5267785,-71.4134214,0.295,2.4
W2528,Concord (SuAsCo),Unnamed Tributary,River/Stream,42.2910744,-71.6885308,0.432,0.672
W2529,Merrimack,Cow Pond Brook,River/Stream,42.6297304,-71.5061583,0.34,0.752
W2530,Charles,Mill River,River/Stream,42.1217687,-71.3654398,0.07,0.482
W2531,Concord (SuAsCo),Hop Brook,River/Stream,42.2871321,-71.6512886,0.5680000000000001,0.9
W2532,Merrimack,Cobbler Brook,River/Stream,42.8261109,-70.9840121,0.444,1.046
W2533,Merrimack,Beaver Brook,River/Stream,42.6681776,-71.3263353,0.252,0.8019999999999999
W2534,Merrimack,Stony Brook,River/Stream,42.5975906,-71.4475714,0.096,0.508
W2535,Shawsheen,Spring Brook,River/Stream,42.494062,-71.2559826,0.14250000000000002,0.745
W2536,Concord (SuAsCo),Unnamed Tributary,River/Stream,42.3193238,-71.3955834,0.102,0.65
W2537,Charles,Bogastow Brook,River/Stream,42.1870159,-71.3758224,0.109,0.838
W2538,Shawsheen,Shawsheen River,River/Stream,42.6521945,-71.1509714,0.33,0.918
W2539,Merrimack,Stony Brook,River/Stream,42.6091843,-71.411679,0.23399999999999999,0.64
W2540,Merrimack,Salmon Brook,River/Stream,42.700651,-71.487647,0.08033333333333334,0.43875
W2541,Concord (SuAsCo),Great Brook,River/Stream,42.444418,-71.551697,0.14500000000000002,0.41000000000000003
W2542,Ipswich,Boston Brook,River/Stream,42.618394,-71.021129,0.0815,0.68875
W2543,Parker,Mill River,River/Stream,42.733424,-70.904624,0.17500000000000002,0.6174999999999999
W2544,Concord (SuAsCo),North Brook,River/Stream,42.398058,-71.658249,0.19666666666666668,0.44875
W2545,Westfield,Middle Branch Westfield River,River/Stream,42.34376837,-72.95334229,0.06525,0.17
W2546,Concord (SuAsCo),Unnamed Tributary,River/Stream,42.3248507,-71.435293,0.16999999999999998,1.1433333333333333
W2666,Blackstone,Kettle Brook Reservoir No. 1,Lake,42.2585509,-71.8916635,0.04,0.3125
W2668,Concord (SuAsCo),Gleasons Pond,Lake,42.2865424,-71.412718,0.04,0.75
W2670,Charles,Cambridge Reservoir,Lake,42.4102831,-71.2674529,0.04,0.9283333333333333
W2672,Concord (SuAsCo),Boons Pond,Lake,42.39611,-71.4949986,0.0475,0.5750000000000001
W2674,Merrimack,Nabnasset Pond,Lake,42.6167752,-71.42794,0.2625,0.8075
W2676,Blackstone,Crystal Lake,Lake,42.0475462,-71.7682111,0.04,0.3466666666666667
W2678,Merrimack,Crystal Lake,Lake,42.7986363,-71.1439465,0.045,0.4216666666666667
W2680,Merrimack,Upper Artichoke Reservoir,Lake,42.7989549,-70.9325918,0.04,0.5700000000000001
W2682,Concord (SuAsCo),Sudbury Reservoir,Lake,42.3019466,-71.5128697,0.06,0.43666666666666665
W2684,Concord (SuAsCo),Heart Pond,Lake,42.5663185,-71.388142,0.04,0.7975
W2686,Nashua,Fall Brook Reservoir,Lake,42.4942145,-71.7835053,0.04,0.14166666666666666
W2688,Nashua,Robbins Pond,Lake,42.5375642,-71.6046167,0.04,0.44166666666666665
W2690,Concord (SuAsCo),Little Chauncy Pond,Lake,42.3059341,-71.6172087,0.04,0.645
W2692,Nashua,Wachusett Lake,Lake,42.5083102,-71.8811837,0.04,0.23666666666666666
W2694,Blackstone,Reservoir No. 6,Lake,42.1145632,-71.7422755,0.04,0.165
W2696,Merrimack,Stodge Meadow Pond,Lake,42.6613996,-71.8825117,0.04,0.2866666666666667
W2699,Nashua,Lily Pond,Lake,42.3766553,-71.7695512,0.0875,0.7250000000000001
W2701,North Coastal,Walden Pond,Lake,42.495176,-71.0050255,0.10250000000000001,0.6966666666666667
W2704,Mystic,South Reservoir,Lake,42.4446923,-71.1158183,0.04,0.2125
W2706,Concord (SuAsCo),Barkers Pond,Lake,42.4607823,-71.4322555,0.04,1.8533333333333333
W2708,Nashua,Lower Crow Hill Pond,Lake,42.5168034,-71.8554472,0.04,0.27999999999999997
W2710,Ipswich,Field Pond,Lake,42.6074803,-71.1097834,0.04,0.3775
W2712,Nashua,Fitchburg Reservoir,Lake,42.6487901,-71.8434475,0.04,0.19166666666666668
W2715,Ipswich,Stiles Pond,Lake,42.6889889,-71.0370628,0.04,0.41
W2717,Concord (SuAsCo),Bartlett Pond,Lake,42.3167909,-71.6184564,0.04,0.535
W2719,Westfield,Middle Branch Westfield River,River/Stream,42.32285317,-72.92619955,0.05,0.1266
W2720,Farmington,Hubbard Brook,River/Stream,42.0385568,-72.94065317,0.072,0.20199999999999999
W2721,Farmington,Valley Brook,River/Stream,42.04200482,-72.91837725,0.07,0.1505
W2722,Connecticut,Shattuck Brook,River/Stream,42.72088383,-72.59477377,0.11249999999999999,0.185
W2773,Cape Cod,Mill Pond,Lake,41.7254646,-70.0397423,0.04,0.8316666666666667
W2775,Mount Hope Bay (Shore),South Watuppa Pond,Lake,41.671546,-71.126475,0.04,0.5083333333333333
W2778,Taunton,Cleveland Pond,Lake,42.11454642,-70.97910126,0.04,0.73
W2780,Taunton,Robbins Pond,Lake,42.006179,-70.906276,0.09,0.75
W2783,South Coastal,Cooks Pond,Lake,41.9207192,-70.6654059,0.04,0.5366666666666666
W2787,South Coastal,Island Pond,Lake,41.811935,-70.5766951,0.04,0.3866666666666667
W2789,Buzzards Bay,Ezekiel Pond,Lake,41.804909,-70.611966,0.04,0.275
W2791,Buzzards Bay,Marys Pond,Lake,41.75446,-70.79039,0.04,0.3
W2796,Buzzards Bay,Halfway Pond,Lake,41.852937,-70.614673,0.04,0.32166666666666666
W2798,Cape Cod,Coonamessett Pond,Lake,41.620352,-70.56532,0.04,0.5983333333333334
W2801,Cape Cod,Jemima Pond,Lake,41.8295909,-69.9846351,0.04,0.4683333333333333
W2803,Cape Cod,Long Pond,Lake,41.671685,-70.193271,0.6366666666666667,0.9883333333333333
W2805,Cape Cod,Long Pond,Lake,41.6671004,-70.4441491,0.44333333333333336,0.6633333333333333
W2808,Cape Cod,Shubael Pond,Lake,41.671039,-70.393715,0.06333333333333334,0.6666666666666666
W2810,Cape Cod,Stillwater Pond,Lake,41.703389,-69.986116,0.04,1.09
W2812,Cape Cod,White Pond,Lake,41.7024219,-70.1327421,0.04,0.15833333333333333
W2814,Cape Cod,Williams Pond,Lake,41.9641053,-70.0077192,0.04,0.37
W2829,Taunton,Hockomock River,River/Stream,41.99230816,-71.04277391,0.162,0.646
W2830,Taunton,Mulberry Meadow Brook,River/Stream,42.01901335,-71.12591191,0.378,0.7
W2831,Taunton,Town River,River/Stream,41.99502786,-70.97075555,0.1726,0.84
W2832,Taunton,Mulberry Meadow Brook,River/Stream,41.9780221,-71.13417172,0.1408,0.508
W2833,Taunton,Canoe River,River/Stream,41.98177507,-71.16118832,0.514,0.91
W2834,Taunton,Winnetuxet River,River/Stream,41.96932455,-70.88343597,0.189,0.61
W2835,Taunton,Threemile River,River/Stream,41.946818,-71.16067131,0.2014,0.518
W2836,Taunton,Sawmill Brook,River/Stream,41.94881614,-70.96826996,3.94,4.44
W2837,Mystic,Spy Pond,Lake,42.40999949,-71.151994,0.099,1.8188888888888888
W2838,Taunton,Segreganset River,River/Stream,41.83523239,-71.13593516,0.482,0.83
W2839,Mystic,Spy Pond,Lake,42.40600014,-71.15899647,0.061900000000000004,1.039
W2842,Connecticut,Mill Brook,River/Stream,42.70281576,-72.45189591,0.241,0.39999999999999997
W2843,Connecticut,Mill River,River/Stream,42.5098257,-72.66169041,0.652,0.73
W2844,Connecticut,Bloody Brook,River/Stream,42.48176265,-72.60513286,0.61,0.954
W2845,Connecticut,Fort River,River/Stream,42.37683842,-72.49492563,0.206,0.312
W2846,Connecticut,Cushman Brook,River/Stream,42.41550849,-72.51258326,0.2188,0.306
W2847,Connecticut,Unnamed Tributary,River/Stream,42.38339502,-72.5850062,0.2864,0.544
W2848,Connecticut,Lampson Brook,River/Stream,42.28071001,-72.4252915,0.212,0.494
W2849,Connecticut,Bachelor Brook,River/Stream,42.27820079,-72.57541581,0.17020000000000002,0.434
W2850,Connecticut,Elmer Brook,River/Stream,42.28230014,-72.58708557,1.096,1.206
W2851,Connecticut,Unnamed Tributary,River/Stream,42.27748219,-72.65403879,0.36,0.594
W2852,Connecticut,Buttery Brook,River/Stream,42.21396566,-72.59514866,1.36,1.56
W2853,Connecticut,Unnamed Tributary,River/Stream,42.07465812,-72.58070026,0.834,1.138
W2854,Connecticut,Russellville Brook,River/Stream,42.41118008,-72.5674643,1.118,1.28
W2855,Connecticut,Unnamed Tributary,River/Stream,42.19157879,-72.59779736,1.54,1.7
W2886,Nashua,Stillwater River,River/Stream,42.44662969,-71.8181233,0.149,0.36
W2887,Nashua,Mulpus Brook,River/Stream,42.61760369,-71.72624143,0.1125,0.4225
W2888,Nashua,Mason Brook,River/Stream,42.70288914,-71.75177322,0.145,0.3325
W2889,Ipswich,Unnamed Tributary,River/Stream,42.62248944,-71.02018566,0.20750000000000002,0.7725
W2890,Ipswich,Gravelly Brook,River/Stream,42.66074776,-70.90371136,0.1005,0.7475
W2891,Farmington,Hubbard Brook,River/Stream,42.03883587,-72.94213827,0.08750000000000001,0.2275
W2892,Farmington,Pond Brook,River/Stream,42.03904812,-72.942020779999993,0.169,0.2425
W2893,Bashbish,Ashley Hill Brook,River/Stream,42.08930109,-73.47506697,0.1815,0.22
W2894,Taunton,Wading River,River/Stream,41.94672655,-71.20083966,0.1498,0.486
W2895,Millers,Keyup Brook,River/Stream,42.62069634,-72.39305406,0.08,0.25
W2896,Connecticut,Amethyst Brook,River/Stream,42.38033448,-72.46510155,0.2325,0.345
W2897,Connecticut,Doolittle Brook,River/Stream,42.44704256,-72.49190917,0.145,0.3575
W2898,Connecticut,Roaring Brook,River/Stream,42.45007437,-72.45260735,0.2915,0.39
W2899,Chicopee,Rutland Brook,River/Stream,42.46777728,-72.15673762,0.051500000000000004,0.2325
W2900,Chicopee,Canesto Brook,River/Stream,42.43953233,-72.04115765,0.0675,0.32
W2901,Chicopee,Great Brook,River/Stream,42.20154773,-72.04487072,0.04,0.52
W2902,Quinebaug,Breakneck Brook,River/Stream,42.05048837,-72.09627321,0.0485,0.3225
W2903,Quinebaug,Rocky Brook,River/Stream,42.01542185,-71.79841192,0.0415,0.34
W2904,Blackstone,Unnamed Tributary,River/Stream,42.07493076,-71.7950707,0.04725,0.32
W2905,Blackstone,Scadden Brook,River/Stream,42.04529263,-71.65201157,0.0845,0.39
W2906,Blackstone,Warren Brook,River/Stream,42.18795491,-71.62720825,0.22,0.4925
W2907,Westfield,Westfield River,River/Stream,42.51804,-72.998461,0.06275,0.1925
W2908,Westfield,Trout Brook,River/Stream,42.44139459,-72.99462504,0.08175,0.1975
W2909,Westfield,Shaker Mill Brook,River/Stream,42.33220916,-73.1068034,0.06974999999999999,0.2175
W2910,Taunton,Unnamed Tributary,River/Stream,41.95851534,-71.2424628,0.405,0.975
W2911,Taunton,Terry Brook,River/Stream,41.77800443,-71.07593377,0.07975,0.4125
W2912,South Coastal,First Herring Brook,River/Stream,42.18764862,-70.76850844,0.14500000000000002,1.1
W2913,South Coastal,Aaron River,River/Stream,42.19862254,-70.83275,0.11,0.8125
W2953,Buzzards Bay,Wankinco River/Parker Mills Pond,Riverine Impoundment,41.76842431,-70.72293943,0.04,0.2375
